POSICION;MOTIVO;COMENTARIO;idelem;NOVEDAD;DISEÑO;DISTRITOS;BARRIO;TIPO;LONGITUD;N_ELEMENTOS;PROMOTOR;TEXTO
GRAN VIA;ARCOS COMPACTOS;ARCOS CON TRES VANOS, INCLUYENDO ACERA;1;NO;BEN BUSCHE;Centro;Cortes;LINEAL;1336;;AG OBRAS Y EQUIPAMIENTOS;La instalación lumínica se inspira en las imágenes de las nebulosas y galaxias del telescopio Hubble y el sentimiento que se asocia inmediatamente al contemplarlos: el asombro hipnótico ante la inmensidad del espacio, la infinidad de estrellas y de mundos posibles mezclado con los recuerdos de la contemplación real de la vía láctea, también presentes aunque cada vez más lejanos y aparentemente irreales por la ausencia de oscuridad del cielo nocturno en una sociedad cada vez más urbanizada
PLAZA CHUECA;MOTIVO SINGULAR;CATENARIAS CON COLGANTES CRUZADOS;2;SI;ANA LOCKING;Centro;Justicia;LINEAL;146;;AG OBRAS Y EQUIPAMIENTOS;MOTIVO LUMINOSO
MONTERA;ARCOS COMPACTOS;MOTIVOS DE RENOS, CAMPANAS, PATINES, BOLAS, MUERDAGO,;3;NO;MAYA HANSEN;Centro;Sol;LINEAL;291;;AG OBRAS Y EQUIPAMIENTOS;“He querido mezclar elementos tradicionales como las clásicas campanas navideñas, los renos o los patines sobre hielo, con elementos insignia de mi trabajo como el corsé que se ve en la parte central, cuya lazada finaliza haciendo alusión a la firma del graffitero Juan Carlos Argüelles, conocido como ‘Muelle’, un elemento muy característico de la calle Montera”, declara la diseñadora madrileña.
FUENCARRAL - DE GRAN VIA A HERNAN CORTES;ARCOS COMPACTOS;ARCOS CON LEMURES;4;NO;TERESA HELBIG;Centro;Justicia;LINEAL;393;;AG OBRAS Y EQUIPAMIENTOS;“Con los lémures siempre hemos sentido una conexión especial, por sus habilidades comunicativas innatas, por coquetos y presumidos, por ser propulsores del feminismo en el reino animal… Por eso queríamos que fuesen ellos quienes protagonizasen las luces que hemos diseñado. A través de sus ojos, celebramos la picardía, la sensibilidad e inteligencia innatas, el sexto sentido, la libertad y la feminidad”, cuenta la diseñadora.
HORTALEZA. DE GRAN VIA A HERNAN CORTES;ARCOS COMPACTOS;ARCOS CON CIRCULOS DE COLORES;5;NO; ;Centro;Justicia;LINEAL;388;;AG OBRAS Y EQUIPAMIENTOS;MOTIVO LUMINOSO
CALLE MAYOR;COLGANTES;BURBUJAS ESFERVESCENTES;6;NO;SERGIO SEBASTIAN;Centro;Sol;LINEAL;490;;AG OBRAS Y EQUIPAMIENTOS;BURBUJAS ESFERVESCENTES FORMADAS POR ESTRUCTURA METALICA DE ALUMINIO CON HILO DE LED CON MOVIMIENTO DINAMICO Y VARIABLE EN INTENSIDAD LUMINOSA
PLAZA DE  CANALEJAS;MOTIVO SINGULAR;DISEÑO DE IRIS;7;SI;BEN BUSCHE;Centro;Cortes, Sol;PUNTUAL;;;AG OBRAS Y EQUIPAMIENTOS;El diseño en la Plaza de Canalejas se inspira en el cielo estrellado, las constelaciones,  las imágenes del telescopio Hubble y los sentimientos que se asocian inmediatamente a su contemplación: el asombro hipnótico ante la inmensidad del espacio. Por la plaza con su forma perfectamente circular se extiende una nebulosa que aparenta un iris de un ojo. Espacio urbano perfectamente circular con un diámetro de 50 metros, con una malla de cuerdas luminosas concéntricas rojas y azules situada a 9 metros del suelo que crea la ilusión de un iris gigante flotando en el espacio. La impresionante instalación espacial cubre una superficie total de 2000 m2. Solo el hilo luminoso LED de color rojo y azul tiene una longitud total de 2 kilómetros. Las dos esferas de 1 metro de diámetro cambian constantemente de color y se iluminan con 1.800 LED RGB cada una. Total 102.600 leds con un consumo de 2,1 kW/h
PLAZA MAYOR;ARCOS COMPACTOS;VELAS NAVIDEÑAS;8;NO; ;Centro;Sol;LINEAL;410;;AG OBRAS Y EQUIPAMIENTOS;MOTIVO LUMINOSO
CIUDAD RODRIGO;ARCOS COMPACTOS;PAÑOS O NEBLINA;9;NO; ;Centro;Sol;LINEAL;40;;AG OBRAS Y EQUIPAMIENTOS;PAÑOS BLANCOS DE 2,10 METROS DE ANCHO POR 2,6 METROS DE ALTURA, CON ILUMINACION POR MEDIO DE CORTINA LEDS DE 1.425 PUNTOS CON UNA POTENCIA DE 125 W
SAL;ARCOS COMPACTOS;PAÑOS O NEBLINA;10;NO; ;Centro;Sol;LINEAL;36;;AG OBRAS Y EQUIPAMIENTOS;PAÑOS BLANCOS DE 2,10 METROS DE ANCHO POR 2,6 METROS DE ALTURA, CON ILUMINACION POR MEDIO DE CORTINA LEDS DE 1.425 PUNTOS CON UNA POTENCIA DE 125 W
POSTAS;ARCOS COMPACTOS;PAÑOS O NEBLINA;11;NO; ;Centro;Sol;LINEAL;116;;AG OBRAS Y EQUIPAMIENTOS;PAÑOS BLANCOS DE 2,10 METROS DE ANCHO POR 2,6 METROS DE ALTURA, CON ILUMINACION POR MEDIO DE CORTINA LEDS DE 1.425 PUNTOS CON UNA POTENCIA DE 125 W
ESPARTEROS;ARCOS COMPACTOS;PAÑOS O NEBLINA;12;NO; ;Centro;Sol;LINEAL;142;;AG OBRAS Y EQUIPAMIENTOS;PAÑOS BLANCOS DE 2,10 METROS DE ANCHO POR 2,6 METROS DE ALTURA, CON ILUMINACION POR MEDIO DE CORTINA LEDS DE 1.425 PUNTOS CON UNA POTENCIA DE 125 W
CAVA DE SAN MIGUEL;ARCOS COMPACTOS;PAÑOS O NEBLINA;13;NO; ;Centro;Sol;LINEAL;162;;AG OBRAS Y EQUIPAMIENTOS;PAÑOS BLANCOS DE 2,10 METROS DE ANCHO POR 2,6 METROS DE ALTURA, CON ILUMINACION POR MEDIO DE CORTINA LEDS DE 1.425 PUNTOS CON UNA POTENCIA DE 125 W
CARRETAS;ARCOS COMPACTOS;PAÑOS O NEBLINA;14;NO; ;Centro;Sol;LINEAL;215;;AG OBRAS Y EQUIPAMIENTOS;PAÑOS BLANCOS DE 2,10 METROS DE ANCHO POR 2,6 METROS DE ALTURA, CON ILUMINACION POR MEDIO DE CORTINA LEDS DE 1.425 PUNTOS CON UNA POTENCIA DE 125 W
ESPOZ Y MINA;ARCOS COMPACTOS;PAÑOS O NEBLINA;15;NO; ;Centro;Sol;LINEAL;169;;AG OBRAS Y EQUIPAMIENTOS;PAÑOS BLANCOS DE 3 METROS DE ANCHO POR 1,5 METROS DE ALTURA, CON ILUMINACION POR MEDIO DE CORTINA LEDS DE 1.425 PUNTOS CON UNA POTENCIA DE 125 W
HILERAS;ARCOS COMPACTOS;PAÑOS O NEBLINA;16;NO; ;Centro;Sol;LINEAL;113;;AG OBRAS Y EQUIPAMIENTOS;PAÑOS BLANCOS DE 3 METROS DE ANCHO POR 1,5 METROS DE ALTURA, CON ILUMINACION POR MEDIO DE CORTINA LEDS DE 1.425 PUNTOS CON UNA POTENCIA DE 125 W
FUENTES;ARCOS COMPACTOS;PAÑOS O NEBLINA;17;NO; ;Centro;Sol;LINEAL;112;;AG OBRAS Y EQUIPAMIENTOS;PAÑOS BLANCOS DE 3 METROS DE ANCHO POR 1,5 METROS DE ALTURA, CON ILUMINACION POR MEDIO DE CORTINA LEDS DE 1.425 PUNTOS CON UNA POTENCIA DE 125 W
MILANESES;ARCOS COMPACTOS;PAÑOS O NEBLINA;19;NO; ;Centro;Palacio;LINEAL;43;;AG OBRAS Y EQUIPAMIENTOS;PAÑOS BLANCOS DE 3 METROS DE ANCHO POR 1,5 METROS DE ALTURA, CON ILUMINACION POR MEDIO DE CORTINA LEDS DE 1.425 PUNTOS CON UNA POTENCIA DE 125 W
SANTIAGO;ARCOS COMPACTOS;PAÑOS O NEBLINA;20;NO; ;Centro;Palacio;LINEAL;187;;AG OBRAS Y EQUIPAMIENTOS;PAÑOS BLANCOS DE 3 METROS DE ANCHO POR 1,5 METROS DE ALTURA, CON ILUMINACION POR MEDIO DE CORTINA LEDS DE 1.425 PUNTOS CON UNA POTENCIA DE 125 W
ESCALINATA;ARCOS COMPACTOS;PAÑOS O NEBLINA;21;NO; ;Centro;Palacio;LINEAL;86;;AG OBRAS Y EQUIPAMIENTOS;PAÑOS BLANCOS DE 3 METROS DE ANCHO POR 1,5 METROS DE ALTURA, CON ILUMINACION POR MEDIO DE CORTINA LEDS DE 1.425 PUNTOS CON UNA POTENCIA DE 125 W
MESON DE PAÑOS;ARCOS COMPACTOS;PAÑOS O NEBLINA;22;NO; ;Centro;Palacio;LINEAL;87;;AG OBRAS Y EQUIPAMIENTOS;PAÑOS BLANCOS DE 3 METROS DE ANCHO POR 1,5 METROS DE ALTURA, CON ILUMINACION POR MEDIO DE CORTINA LEDS DE 1.425 PUNTOS CON UNA POTENCIA DE 125 W
COSTANILLA  DE SANTIAGO;ARCOS COMPACTOS;PAÑOS O NEBLINA;23;NO; ;Centro;Palacio;LINEAL;41;;AG OBRAS Y EQUIPAMIENTOS;PAÑOS BLANCOS DE 3 METROS DE ANCHO POR 1,5 METROS DE ALTURA, CON ILUMINACION POR MEDIO DE CORTINA LEDS DE 1.425 PUNTOS CON UNA POTENCIA DE 125 W
BALLESTA;COLGANTES;FLORES COLGANTES;24;NO;BEN BUSCHE;Centro;Universidad;LINEAL;134;;AG OBRAS Y EQUIPAMIENTOS;MOTIVO LUMINOSO
LORETO Y CHICOTE;COLGANTES;FLORES COLGANTES;25;NO;BEN BUSCHE;Centro;Universidad;LINEAL;101;;AG OBRAS Y EQUIPAMIENTOS;MOTIVO LUMINOSO
DESENGAÑO;COLGANTES;FLORES COLGANTES;26;NO;BEN BUSCHE;Centro;Universidad;LINEAL;213;;AG OBRAS Y EQUIPAMIENTOS;MOTIVO LUMINOSO
CORREDERA BAJA DE SAN PABLO;COLGANTES;FLORES COLGANTES;27;NO;BEN BUSCHE;Centro;Universidad;LINEAL;161;;AG OBRAS Y EQUIPAMIENTOS;MOTIVO LUMINOSO
GONZALEZ JIMENEZ DE QUESADA;COLGANTES;CUBOS COLGANTES;28;NO; ;Centro;Universidad;LINEAL;46;;AG OBRAS Y EQUIPAMIENTOS;CUBOS DE COLORES DE 1,3 1,15 O 1,0 METROS DE ARISTA CON CORDONES DE COLORES AZUL, ROSA, VERDE, BLANCO, AMARILLO O ROJO
VALVERDE;COLGANTES;CUBOS COLGANTES;29;NO; ;Centro;Universidad;LINEAL;67;;AG OBRAS Y EQUIPAMIENTOS;CUBOS DE COLORES DE 1,3 1,15 O 1,0 METROS DE ARISTA CON CORDONES DE COLORES AZUL, ROSA, VERDE, BLANCO, AMARILLO O ROJO
BARCO;COLGANTES;CUBOS COLGANTES;30;NO; ;Centro;Universidad;LINEAL;36;;AG OBRAS Y EQUIPAMIENTOS;CUBOS DE COLORES DE 1,3 1,15 O 1,0 METROS DE ARISTA CON CORDONES DE COLORES AZUL, ROSA, VERDE, BLANCO, AMARILLO O ROJO
PEZ;COLGANTES;FLORES COLGANTES;31;NO;BEN BUSCHE;Centro;Universidad;LINEAL;311;;AG OBRAS Y EQUIPAMIENTOS;MOTIVO LUMINOSO
HUERTAS;COLGANTES;CIRCULOS CON ESTRELLAS;32;NO;BEN BUSCHE;Centro;Cortes;LINEAL;509;;AG OBRAS Y EQUIPAMIENTOS;MOTIVO LUMINOSO
PLAZA DEL ANGEL;COLGANTES;CIRCULOS CON ESTRELLAS;33;NO;BEN BUSCHE;Centro;Cortes;LINEAL;134;;AG OBRAS Y EQUIPAMIENTOS;MOTIVO LUMINOSO
PRINCIPE. DE PZ CANALEJAS A PZ DE SANTA ANA;COLGANTES;CIRCULOS CON ESTRELLAS;34;NO;BEN BUSCHE;Centro;Cortes;LINEAL;232;;AG OBRAS Y EQUIPAMIENTOS;MOTIVO LUMINOSO
C PRADO, ENTRE C ECHEGARAY Y PLAZA DE SANTA ANA;COLGANTES;CIRCULOS CON ESTRELLAS;35;NO;BEN BUSCHE;Centro;Cortes;LINEAL;56;;AG OBRAS Y EQUIPAMIENTOS;MOTIVO LUMINOSO
MANUEL FERNANDEZ GONZALEZ;COLGANTES;CIRCULOS CON ESTRELLAS;36;NO;BEN BUSCHE;Centro;Cortes;LINEAL;109;;AG OBRAS Y EQUIPAMIENTOS;MOTIVO LUMINOSO
C LEON;COLGANTES;CIRCULOS CON ESTRELLAS;37;NO;BEN BUSCHE;Centro;Cortes;LINEAL;268;;AG OBRAS Y EQUIPAMIENTOS;MOTIVO LUMINOSO
C NUÑEZ DE ARCE, DESDE PLAZA DE SANTA ANA;COLGANTES;CIRCULOS CON ESTRELLAS;38;NO;BEN BUSCHE;Centro;Cortes;LINEAL;116;;AG OBRAS Y EQUIPAMIENTOS;MOTIVO LUMINOSO
ESPOZ Y MINA - Bº LETRAS;COLGANTES;CIRCULOS CON ESTRELLAS;39;NO; ;Centro;Cortes;LINEAL;90;;AG OBRAS Y EQUIPAMIENTOS;MOTIVO LUMINOSO
PLAZA DE MATUTE;COLGANTES;CIRCULOS CON ESTRELLAS;40;NO;BEN BUSCHE;Centro;Cortes;LINEAL;44;;AG OBRAS Y EQUIPAMIENTOS;MOTIVO LUMINOSO
MORATIN;COLGANTES;CIRCULOS CON ESTRELLAS;41;NO;BEN BUSCHE;Centro;Cortes;LINEAL;240;;AG OBRAS Y EQUIPAMIENTOS;MOTIVO LUMINOSO
C ECHEGARAY, ENTRE C PRADO Y C HUERTAS;COLGANTES;CIRCULOS CON ESTRELLAS;42;NO;BEN BUSCHE;Centro;Cortes;LINEAL;209;;AG OBRAS Y EQUIPAMIENTOS;MOTIVO LUMINOSO
DUQUE DE MEDINACELLI;COLGANTES;CIRCULOS CON ESTRELLAS;43;NO;BEN BUSCHE;Centro;Cortes;LINEAL;140;;AG OBRAS Y EQUIPAMIENTOS;MOTIVO LUMINOSO
PLAZA DE JESUS;COLGANTES;CIRCULOS CON ESTRELLAS;44;NO;BEN BUSCHE;Centro;Cortes;LINEAL;78;;AG OBRAS Y EQUIPAMIENTOS;MOTIVO LUMINOSO
JESUS;COLGANTES;CIRCULOS CON ESTRELLAS;45;NO;BEN BUSCHE;Centro;Cortes;LINEAL;68;;AG OBRAS Y EQUIPAMIENTOS;MOTIVO LUMINOSO
PRECIADOS;ARCOS COMPACTOS;CORAZON Y OTROS;46;NO;JUAN VIDAL;Centro;Sol;LINEAL;304;;AG OBRAS Y EQUIPAMIENTOS;“En tiempos donde encontramos cada vez más diferencias que nos alejan y nos hacen vulnerables, el corazón es un mensaje claro y poderoso. El amor, infinito e incondicional, es un objetivo mayor que cohesiona y da rumbo a nuestra existencia”, explica el diseñador.
ARENAL;COLGANTES;ROSETONES;47;SI;MOISES NIETO;Centro;Sol;LINEAL;386;;AG OBRAS Y EQUIPAMIENTOS;"El diseño de la iluminación de la calle Arenal se encuentra inspirado en el barrio donde se albergaban en el siglo XVII todos los talleres artesanales (hiladores, bordadores, guarnicioneros"",  grandes esferas inspiradas en ""patrones circulares hechos en ganchillo""."
CARMEN;COLGANTES;FLORES COLGANTES;48;NO;BEN BUSCHE;Centro;Sol;LINEAL;316;;AG OBRAS Y EQUIPAMIENTOS;MOTIVO LUMINOSO
MESONERO ROMANOS;COLGANTES;FLORES COLGANTES;49;NO;BEN BUSCHE;Centro;Sol;LINEAL;26;;AG OBRAS Y EQUIPAMIENTOS;MOTIVO LUMINOSO
TETUAN;COLGANTES;FLORES COLGANTES;50;NO;BEN BUSCHE;Centro;Sol;LINEAL;187;;AG OBRAS Y EQUIPAMIENTOS;MOTIVO LUMINOSO
POSTIGO DE SAN MARTIN;ARCOS COMPACTOS;PAÑOS O NEBLINA;51;NO; ;Centro;Sol;LINEAL;124;;AG OBRAS Y EQUIPAMIENTOS;PAÑOS BLANCOS DE 3 METROS DE ANCHO POR 1,5 METROS DE ALTURA, CON ILUMINACION POR MEDIO DE CORTINA LEDS DE 1.425 PUNTOS CON UNA POTENCIA DE 125 W
PUERTA DE TOLEDO;MOTIVO NAVIDEÑO;BELEN;52;NO;BEN BUSCHE;Centro, Arganzuela;Embajadores;PUNTUAL;;;AG OBRAS Y EQUIPAMIENTOS;MOTIVO LUMINOSO
ENTRADA PLAZA MAYOR POR C CIUDAD RODRIGO;MOTIVO NAVIDEÑO;NACIMIENTO;53;NO;BEN BUSCHE;Centro;Sol;PUNTUAL;;;AG OBRAS Y EQUIPAMIENTOS;MOTIVO LUMINOSO
VIADUCTO CALLE SEGOVIA;MOTIVO NAVIDEÑO; ;54;NO;BEN BUSCHE;Centro;Palacio;PUNTUAL;;;AG OBRAS Y EQUIPAMIENTOS;MOTIVO LUMINOSO
ATOCHA (DE PZ ANTON MARTIN A PZ BENAVENTE);ARCOS COMPACTOS;JUEGO DE CIRCULOS Y BOLAS TRIDIMENSIONALES;55;NO; ;Centro;Cortes, Embajadores;LINEAL;368;;AG OBRAS Y EQUIPAMIENTOS;MOTIVO LUMINOSO
ALCALA CON GRAN VIA;MOTIVO NAVIDEÑO;BOLA LUZ Y SONIDO CON PROYECCIONES PERIODICAS;56;NO; ;Centro;Cortes;PUNTUAL;;;AG OBRAS Y EQUIPAMIENTOS;Esfera lumínica. La bola tiene un peso de 7 toneladas, 12 metros de diámetro y 43.000 luces led. Y creará un espectáculo de luz y sonido con efecto «pixel mapping».
PASEO DEL PRADO;MOTIVO NAVIDEÑO;MENINA GIGANTE;57;NO;ANDRES SARDA;Centro;Cortes;PUNTUAL;;;AG OBRAS Y EQUIPAMIENTOS;Gran Menina de 10 metros de altura, su diseño se basa en un bustier, tontillo y falda iluminados por 37.720 bombillas led, diamantes de plástico, lentejuelas y bolas de color plata. Sardá ha desarrollado su diseño en colaboración con el proyecto Meninas Madrid Gallery del artista Azzato y Madrid Capital de Moda
ALCALA. DE PUERTA DEL SOL A SEVILLA;COLGANTES;MACETEROS LUMINOSOS;59;SI; ;Centro;Sol;LINEAL;255;;AG OBRAS Y EQUIPAMIENTOS;MOTIVO LUMINOSO
ALCALA, DE SEVILLA A PLAZA DE CIBELES;COLGANTES;MACETEROS LUMINOSOS;60;SI; ;Centro;Cortes;LINEAL;509;;AG OBRAS Y EQUIPAMIENTOS;MOTIVO LUMINOSO
ALCALA 45 - EN FACHADA DE EDIFICIO MUNICIPAL;MOTIVO NAVIDEÑO;TRES REYES MAGOS DE ORIENTE;61;NO; ;Centro;Justicia;PUNTUAL;;;AG OBRAS Y EQUIPAMIENTOS;MOTIVO LUMINOSO
C CAMPOAMOR;ARCOS COMPACTOS;ARCOS CON PAÑOS BLANCOS;62;NO; ;Centro;Justicia;LINEAL;228;;AG OBRAS Y EQUIPAMIENTOS;PAÑOS BLANCOS DE 3 METROS DE ANCHO POR 1,5 METROS DE ALTURA, CON ILUMINACION POR MEDIO DE CORTINA LEDS DE 1.425 PUNTOS CON UNA POTENCIA DE 125 W
C REGUEROS;ARCOS COMPACTOS;ARCOS CON PAÑOS BLANCOS;63;NO; ;Centro;Justicia;LINEAL;111;;AG OBRAS Y EQUIPAMIENTOS;PAÑOS BLANCOS DE 3 METROS DE ANCHO POR 1,5 METROS DE ALTURA, CON ILUMINACION POR MEDIO DE CORTINA LEDS DE 1.425 PUNTOS CON UNA POTENCIA DE 125 W
BELEN;ARCOS COMPACTOS;ARCOS CON PAÑOS BLANCOS;64;NO; ;Centro;Justicia;LINEAL;92;;AG OBRAS Y EQUIPAMIENTOS;PAÑOS BLANCOS DE 3 METROS DE ANCHO POR 1,5 METROS DE ALTURA, CON ILUMINACION POR MEDIO DE CORTINA LEDS DE 1.425 PUNTOS CON UNA POTENCIA DE 125 W
BARQUILLO;ARCOS COMPACTOS;ARCOS CON PAÑOS BLANCOS;65;NO; ;Centro;Justicia;LINEAL;223;;AG OBRAS Y EQUIPAMIENTOS;PAÑOS BLANCOS DE 3 METROS DE ANCHO POR 1,5 METROS DE ALTURA, CON ILUMINACION POR MEDIO DE CORTINA LEDS DE 1.425 PUNTOS CON UNA POTENCIA DE 125 W
ARGENSOLA;ARCOS COMPACTOS;ARCOS CON PAÑOS BLANCOS;66;NO; ;Centro;Justicia;LINEAL;264;;AG OBRAS Y EQUIPAMIENTOS;PAÑOS BLANCOS DE 3 METROS DE ANCHO POR 1,5 METROS DE ALTURA, CON ILUMINACION POR MEDIO DE CORTINA LEDS DE 1.425 PUNTOS CON UNA POTENCIA DE 125 W
C FERNANDO VI, ENTRE C ARGENSOLA Y C CAMPOAMOR;ARCOS COMPACTOS;ARCOS CON PAÑOS BLANCOS;67;NO; ;Centro;Justicia;LINEAL;121;;AG OBRAS Y EQUIPAMIENTOS;PAÑOS BLANCOS DE 3 METROS DE ANCHO POR 1,5 METROS DE ALTURA, CON ILUMINACION POR MEDIO DE CORTINA LEDS DE 1.425 PUNTOS CON UNA POTENCIA DE 125 W
C SANTA TERESA;ARCOS COMPACTOS;ARCOS CON PAÑOS BLANCOS;68;NO; ;Centro;Justicia;LINEAL;206;;AG OBRAS Y EQUIPAMIENTOS;PAÑOS BLANCOS DE 3 METROS DE ANCHO POR 1,5 METROS DE ALTURA, CON ILUMINACION POR MEDIO DE CORTINA LEDS DE 1.425 PUNTOS CON UNA POTENCIA DE 125 W
ALCALA. ENTRE PZ DE CIBELES Y PUERTA DE ALCALA;MOTIVO SINGULAR;CIELO NEVADO;72;SI;BEN BUSCHE;Retiro, Salamanca;Los Jerónimos, Recoletos;LINEAL;228;;AG OBRAS Y EQUIPAMIENTOS;Como la mayoría de los motivos navideños tradicionales que se inspiran en los fenómenos de la estación invernal, nuestro diseño representa una noche nevada. Un cielo nublado se extiende por la calle Alcalá, y miles de copos caen y brillan bajo la luz.
GOYA. (DE SERRANO HASTA GENERAL DIAZ PORLIER);ARCOS COMPACTOS;GRAN GUIRNALADA EN LINEAS DE JOYERIA CLASICA;73;NO;JUAN DUYOS;Salamanca;Goya;LINEAL;889;;AG OBRAS Y EQUIPAMIENTOS;Gran guirnalda compuesta por coloridas bombillas led para la que se ha inspirado en las líneas de la joyería clásica y en la fuerza que transmiten las piedras preciosas.
VELAZQUEZ (DE ALCALA HASTA JOSE ORTEGA Y GASSET);ARCOS COMPACTOS;ESTRELLA DE BELEN;74;NO;BEN BUSCHE;Salamanca;Recoletos;LINEAL;999;;AG OBRAS Y EQUIPAMIENTOS;La secuencia de imágenes representa un viaje a la luna, consiste en 31 motivos luminosos distintos que, en su conjunto, funcionan como un folioscopio (cine de pulgar) a escala urbana y de 31 imágenes.
SERRANO. ENTRE JORGE JUAN Y PUERTA DE ALCALA;ARCOS COMPACTOS;CONJUNTO DE MODULOS TEMATICOS;75;NO;TERESA SAPEY;Salamanca;Recoletos;LINEAL;1338;;AG OBRAS Y EQUIPAMIENTOS;"Combinación de círculos de distintos colores. Las luces van variando, combinándose siete tipos diferentes de las mismas, y formando una secuencia de dibujos que permiten ser vistas desde ambos lados.
"
CJORGE JUAN, ENTRE C SERRANO Y C VELAZQUEZ;ARCOS COMPACTOS;PLANO LUMINOSO Y COLGANTES;76;SI;SAMANTHA VALLEJO NAGERA;Salamanca;Recoletos;LINEAL;321;;AG OBRAS Y EQUIPAMIENTOS;“Luz blanca cálida. Nada más. Para mí lo más sencillo es lo más bonito.”
NARVAEZ. (DE GOYA A DOCTOR CASTELO);ARCOS COMPACTOS;NEBLINA BLANCA;77;SI; ;Retiro, Salamanca;Ibiza;LINEAL;469;;AG OBRAS Y EQUIPAMIENTOS;PAÑOS BLANCOS DE 3 METROS DE ANCHO POR 1,5 METROS DE ALTURA, CON ILUMINACION POR MEDIO DE CORTINA LEDS DE 1.425 PUNTOS CON UNA POTENCIA DE 125 W
PUENTE DE VENTAS;MOTIVO NAVIDEÑO;TRES REYES MAGOS DE ORIENTE;78;NO; ;Salamanca, Ciudad Lineal;Guindalera;PUNTUAL;;;AG OBRAS Y EQUIPAMIENTOS;MOTIVO LUMINOSO
PUENTE JUAN BRAVO;ARCOS COMPACTOS;ENSEÑA NACIONAL;79;NO;DM;Salamanca, Chamberí;Castellana;LINEAL;153;;AG OBRAS Y EQUIPAMIENTOS;MOTIVO LUMINOSO
PUENTE RAIMUNDO FERNÁNDEZ VILLAVERDE;ARCOS COMPACTOS;ENSEÑA NACIONAL;80;NO;DM;Chamartín, Tetuán, Chamberí;Ríos Rosas;LINEAL;176;;AG OBRAS Y EQUIPAMIENTOS;MOTIVO LUMINOSO
LOPEZ DE HOYOS (DE CARTAGENA A ALFONSO XIII);ARCOS COMPACTOS;NUBES DE COLORES;81;NO; ;Chamartín;Ciudad Jardín;LINEAL;1008;;AG OBRAS Y EQUIPAMIENTOS;MOTIVO LUMINOSO
PLAZA CUZCO;CADENETAS;HILOS LUMINOSOS VERTICALES;82;NO; ;Chamartín, Tetuán;Hispanoamérica;LINEAL;226;;AG OBRAS Y EQUIPAMIENTOS;MOTIVO LUMINOSO
PLAZA DE LIMA;CADENETAS;HILO LUMINOSO VERTICAL;83;NO; ;Chamartín, Tetuán;El Viso;LINEAL;355;;AG OBRAS Y EQUIPAMIENTOS;MOTIVO LUMINOSO
BRAVO MURILLO;ARCOS COMPACTOS;NUBES Y DISCOS DE COLORES;84;SI; ;Tetuán;Cuatro Caminos;LINEAL;972;;AG OBRAS Y EQUIPAMIENTOS;MOTIVO LUMINOSO
GLORIETA DE CUATRO CAMINOS;MOTIVO NAVIDEÑO;FLORES LUMINOSAS;85;NO; ;Tetuán, Chamberí;Bellas Vistas;PUNTUAL;;;AG OBRAS Y EQUIPAMIENTOS;MOTIVO LUMINOSO
PLAZA DE ESPAÑA;MOTIVO NAVIDEÑO;NACIMIENTO, VARIAS FIGURAS: MISTRIO, PASTORES, REYES Y CAMELLOS;86;NO; ;Moncloa - Aravaca;Argüelles;PUNTUAL;;;AG OBRAS Y EQUIPAMIENTOS;MOTIVO LUMINOSO
PUENTE DE TOLEDO, TRAMO PROXIMO A GTA MARQUES DE VADILLO;ARCOS COMPACTOS;ARCOS REGALO, 5 ELEMENTOS;87;NO; ;Carabanchel;Comillas;LINEAL;103;;AG OBRAS Y EQUIPAMIENTOS;MOTIVO LUMINOSO
PRINCESA - DE ALBERTO AGUILERA A ROMERO ROBLEDO;ARCOS COMPACTOS;MOTIVO DE TARTAN BUFANDA;88;NO;SERGIO SEBASTIAN;Chamberí, Moncloa - Aravaca;Argüelles;LINEAL;292;;AG OBRAS Y EQUIPAMIENTOS;ARCOS CON MOTIVO TYARTAN BUFANDA DE 12X2M8 METROS CON ILUMINACION DE HILO BLANCO DE 2,41 W/M, CORDONES LUMINUOSOS DE LEDS DE 6,75 W/CORDNO Y METACRILATOS DE COLORES
PUERTA DE SAN VICENTE;MOTIVO NAVIDEÑO;BELEN;89;NO; ;Centro, Moncloa - Aravaca;Casa de Campo;PUNTUAL;;;AG OBRAS Y EQUIPAMIENTOS;MOTIVO LUMINOSO
GLORIETA DEL EMPERADOR CARLOS V;MOTIVO NAVIDEÑO;CONJUNTO DE 3 RENOS;90;NO; ;Centro, Retiro;Embajadores;PUNTUAL;;3;AG OBRAS Y EQUIPAMIENTOS;MOTIVO LUMINOSO
C ANTONIO LOPEZ, ENTRE GLORIETA DE NARQUES DE VADILLO Y PSO DE SANTAMARIA DE LA CABEZA;ARCOS COMPACTOS;TRUENO;91;NO; ;Carabanchel;Comillas;LINEAL;858;;AG OBRAS Y EQUIPAMIENTOS;MOTIVO LUMINOSO
GENERAL RICARDOS, ENTRE GLORIETA MARQUES DE VADILLO Y C EL TOBOSO;ARCOS COMPACTOS;NEBLINA AZUL;92;NO; ;Carabanchel;Opañel;LINEAL;871;;AG OBRAS Y EQUIPAMIENTOS;MOTIVO LUMINOSO
C CAMINO VIEJO DE LEGANES, ENTRE C OPORTO Y C CLARA CAMPOAMOR;COLGANTES;CUBOS;93;NO; ;Carabanchel;Abrantes;LINEAL;836;;AG OBRAS Y EQUIPAMIENTOS;CUBOS DE COLORES DE 1,3 1,15 O 1,0 METROS DE ARISTA CON CORDONES DE COLORES AZUL, ROSA, VERDE, BLANCO, AMARILLO O ROJO
C MARCELO USERA, ENTRE C ALMENDRALES Y C RAFAELA YBARRA;ARCOS COMPACTOS;PAÑOS O NEBLINA;94;NO; ;Usera;Pradolongo;LINEAL;1010;;AG OBRAS Y EQUIPAMIENTOS;PAÑOS BLANCOS DE 3 METROS DE ANCHO POR 1,5 METROS DE ALTURA, CON ILUMINACION POR MEDIO DE CORTINA LEDS DE 1.425 PUNTOS CON UNA POTENCIA DE 125 W
AVDA ALBUFERA;ARCOS COMPACTOS;POMPAS Y CIRCULOS;95;SI; ;Puente de Vallecas;Palomeras Bajas;LINEAL;1187;;AG OBRAS Y EQUIPAMIENTOS;MOTIVO LUMINOSO
C PEDRO LABORDE, ENTRE AV ALBUFERA Y C SIERRA SALVADA;ARCOS COMPACTOS;CORTINA CON ESTERLLAS;96;NO; ;Puente de Vallecas;Portazgo;LINEAL;508;;AG OBRAS Y EQUIPAMIENTOS;MOTIVO LUMINOSO
MIERES;ARCOS COMPACTOS;TAPICES;97;NO; ;San Blas - Canillejas;Simancas;LINEAL;97;;AG OBRAS Y EQUIPAMIENTOS;MOTIVO LUMINOSO
C BOLTAÑA, ENTRE C TORRE ARIAS Y C SAN MARIANO;ARCOS COMPACTOS;CIRCULOS DE COLORES;98;NO; ;San Blas - Canillejas;Canillejas;LINEAL;212;;AG OBRAS Y EQUIPAMIENTOS;MOTIVO LUMINOSO
PLAZA DE COLON;MOTIVO SINGULAR;BELEN GIGANTE;99;SI;DM;Centro, Chamberí;Justicia;PUNTUAL;;;AG OBRAS Y EQUIPAMIENTOS;Nacimiento gigante de la Plaza de Colón con las siluetas de San José, la Virgen María y el Niño Jesús,  una figura de diez metros de altura iluminada con un total de 20.000 puntos de luz led
PUERTA DEL SOL;ABETO;35 METROS DE ALTURA CON NUEVO DISEÑO;100;SI;DM;Centro;Sol;PUNTUAL;;;AG OBRAS Y EQUIPAMIENTOS;Diseño del abeto luminoso de la Puerta del Sol, 35 metros de alto y 14 de diámetro en su base y simula un abeto natural gracias a su espumillón verde. Sus luces serán de color blanco y dorado con un total de 240 000 puntos de luces led
PLAZA DE ISABEL II - OPERA;ABETO;16 METROS DE ALTURA. DISEÑO TUL ROJO;101;NO;BEN BUSCHE;Centro;Palacio;PUNTUAL;;;AG OBRAS Y EQUIPAMIENTOS;MOTIVO LUMINOSO
PLAZA MAYOR;ABETO;16 METROS DE ALTURA. DISEÑO TUL BLANCO;102;NO;BEN BUSCHE;Centro;Sol;PUNTUAL;;;AG OBRAS Y EQUIPAMIENTOS;MOTIVO LUMINOSO
PLAZA DE CASTILLA;ABETO;16 METROS DE ALTURA. DISEÑO CON ANGELES;103;NO; ;Chamartín, Tetuán;Nueva España;PUNTUAL;;;AG OBRAS Y EQUIPAMIENTOS;MOTIVO LUMINOSO
PLAZA DE CARDENAL CISNEROS;ABETO;22 METROS DE ALTURA. DISEÑO BAUM HAUS;104;NO; ;Moncloa - Aravaca;Ciudad Universitaria;PUNTUAL;;;AG OBRAS Y EQUIPAMIENTOS;MOTIVO LUMINOSO
PLAZA RODOLFO Y ERNESTO HALFFTER - AUDITORIO NACIONAL DE MUSICA;ABETO;22 METROS DE ALTURA. DISEÑO CON CORAZONES;105;NO;TERESA SAPEY;Chamartín;Ciudad Jardín;PUNTUAL;;;AG OBRAS Y EQUIPAMIENTOS;MOTIVO LUMINOSO
RED DE SAN LUIS - MONTERA;ABETO;22 METROS DE ALTURA. DISEÑO BLANCO;106;NO;BEN BUSCHE;Centro;Sol;PUNTUAL;;;AG OBRAS Y EQUIPAMIENTOS;MOTIVO LUMINOSO
GLORIETA EMPERADOR CARLOS V;ABETO;22 METROS DE ALTURA. DISEÑO VUELTA AL MUNDO MAGALLANES;107;NO;SERGIO SEBASTIAN;Centro, Arganzuela;Embajadores;PUNTUAL;;;AG OBRAS Y EQUIPAMIENTOS;MOTIVO LUMINOSO
PLAZA DE SAN JUAN DE LA CRUZ;ABETO;22 METROS DE ALTURA. DISEÑO HOJAS HR;108;SI;HELENA ROHNER;Chamartín, Chamberí;El Viso;PUNTUAL;;;AG OBRAS Y EQUIPAMIENTOS;MOTIVO LUMINOSO
PLAZA ELÍPTICA;ABETO;22 METROS DE ALTURA. DISEÑO CON CADENETAS. EN ISLEAT CENTRAL AL LADO DE LA FUENTE;109;NO; ;Carabanchel, Usera;Moscardó;PUNTUAL;;;AG OBRAS Y EQUIPAMIENTOS;MOTIVO LUMINOSO
PLAZA DEL ENCUENTRO;ABETO;16 METROS DE ALTURA. DISEÑO CON HOJAS;110;NO; ;Moratalaz;Fontarrón;PUNTUAL;;;AG OBRAS Y EQUIPAMIENTOS;MOTIVO LUMINOSO
CASA DEL RELOJ;ABETO;16 METROS DE ALTURA. DISEÑO CON PECES;111;NO; ;Arganzuela;Chopera;PUNTUAL;;;AG OBRAS Y EQUIPAMIENTOS;MOTIVO LUMINOSO
PASEO DEL PRADO, ENTRE GLORIETA DEL EMPERADOR CARLOS V Y PLAZA DE NEPTUNO;CADENETAS; ;112;NO; ;Centro, Retiro;Cortes, Los Jerónimos;LINEAL;609;;AG OBRAS Y EQUIPAMIENTOS;CADENETAS DE 22 M CON 40 PORTALAMPARAS  DE TIPO BLANCA ESFÉRICA DE 1,5 W CADA UNA DE 15 LEDS CADA 0,5 METROS, POTENCIA POR CADENETA DE 60 W
PASEO DEL PRADO (DE NEPTUNO A CIBELES);CADENETAS;HILO LUMINOSO;113;NO; ;Centro;Cortes;LINEAL;358;;AG OBRAS Y EQUIPAMIENTOS;MOTIVO LUMINOSO
PASEO DE RECOLETOS - BULEVAR (DE CIBELES A COLON);CADENETAS;CORDON DE BOMBILLAS;114;NO; ;Centro, Salamanca;Justicia, Recoletos;LINEAL;575;;AG OBRAS Y EQUIPAMIENTOS;CADENETAS DE 22 M CON 40 PORTALAMPARAS  DE TIPO BLANCA ESFÉRICA DE 1,5 W CADA UNA DE 15 LEDS CADA 0,5 METROS, POTENCIA POR CADENETA DE 60 W
PLAZA DE LA LEALTAD;CADENETAS;CORDON DE BOMBILLAS. PALACIO DE LA BOLSA, HOTEL RITZ;115;NO; ;Centro, Retiro;Cortes, Los Jerónimos;LINEAL;256;;AG OBRAS Y EQUIPAMIENTOS;CADENETAS DE 22 M CON 40 PORTALAMPARAS  DE TIPO BLANCA ESFÉRICA DE 1,5 W CADA UNA DE 15 LEDS CADA 0,5 METROS, POTENCIA POR CADENETA DE 60 W
CONDE DUQUE 20;CADENETAS; ;116;NO; ;Centro;Universidad;LINEAL;128;;AG OBRAS Y EQUIPAMIENTOS;CADENETAS DE 22 M CON 40 PORTALAMPARAS  DE TIPO BLANCA ESFÉRICA DE 1,5 W CADA UNA DE 15 LEDS CADA 0,5 METROS, POTENCIA POR CADENETA DE 60 W
C GENOVA, ENTRE PLAZA DE ALONSO MARTINEZ Y PLAZA DE COLON;CADENETAS;CORDON DE BOMBILLAS;117;NO; ;Centro, Chamberí;Justicia, Almagro;LINEAL;380;;AG OBRAS Y EQUIPAMIENTOS;CADENETAS DE 22 M CON 40 PORTALAMPARAS  DE TIPO BLANCA ESFÉRICA DE 1,5 W CADA UNA DE 15 LEDS CADA 0,5 METROS, POTENCIA POR CADENETA DE 60 W
C SAGASTA, ENTRE GLORIETA DE ALONSO MARTINEZ Y GLORIETA DE BILBAO;CADENETAS;CORDON DE BOMBILLAS;118;NO; ;Centro, Chamberí;Justicia, Almagro;LINEAL;496;;AG OBRAS Y EQUIPAMIENTOS;CADENETAS DE 22 M CON 40 PORTALAMPARAS  DE TIPO BLANCA ESFÉRICA DE 1,5 W CADA UNA DE 15 LEDS CADA 0,5 METROS, POTENCIA POR CADENETA DE 60 W
GLORIETA DE BILBAO;CADENETAS; ;119;NO; ;Centro, Chamberí;Justicia, Almagro;LINEAL;198;;AG OBRAS Y EQUIPAMIENTOS;CADENETAS DE 22 M CON 40 PORTALAMPARAS  DE TIPO BLANCA ESFÉRICA DE 1,5 W CADA UNA DE 15 LEDS CADA 0,5 METROS, POTENCIA POR CADENETA DE 60 W
CARRANZA;CADENETAS;CORDONES DE BOMBILLAS;120;NO; ;Centro, Chamberí;Universidad, Trafalgar;LINEAL;243;;AG OBRAS Y EQUIPAMIENTOS;CADENETAS DE 22 M CON 40 PORTALAMPARAS  DE TIPO BLANCA ESFÉRICA DE 1,5 W CADA UNA DE 15 LEDS CADA 0,5 METROS, POTENCIA POR CADENETA DE 60 W
RUIZ JIMÉNEZ;CADENETAS;CORDONES DE BOMBILLAS;121;NO; ;Centro, Chamberí;Universidad;LINEAL;240;;AG OBRAS Y EQUIPAMIENTOS;CADENETAS DE 22 M CON 40 PORTALAMPARAS  DE TIPO BLANCA ESFÉRICA DE 1,5 W CADA UNA DE 15 LEDS CADA 0,5 METROS, POTENCIA POR CADENETA DE 60 W
ALBERTO AGUILERA;CADENETAS;CORDONES DE BOMBILLAS;122;NO; ;Centro, Chamberí;Universidad, Arapiles;LINEAL;828;;AG OBRAS Y EQUIPAMIENTOS;CADENETAS DE 22 M CON 40 PORTALAMPARAS  DE TIPO BLANCA ESFÉRICA DE 1,5 W CADA UNA DE 15 LEDS CADA 0,5 METROS, POTENCIA POR CADENETA DE 60 W
C ATOCHA, ENTRE GTA DEL EMPERADOR  CARLOS V Y C SAN EUGENIO;CADENETAS;CORDON DE BOMBILLAS;123;NO; ;Centro;Cortes, Embajadores;LINEAL;478;;AG OBRAS Y EQUIPAMIENTOS;CADENETAS DE 22 M CON 40 PORTALAMPARAS  DE TIPO BLANCA ESFÉRICA DE 1,5 W CADA UNA DE 15 LEDS CADA 0,5 METROS, POTENCIA POR CADENETA DE 60 W
PZA ORIENTE;CADENETAS; ;124;NO; ;Centro;Palacio;LINEAL;297;;AG OBRAS Y EQUIPAMIENTOS;CADENETAS DE 22 M CON 40 PORTALAMPARAS  DE TIPO BLANCA ESFÉRICA DE 1,5 W CADA UNA DE 15 LEDS CADA 0,5 METROS, POTENCIA POR CADENETA DE 60 W
PRINCESA;CADENETAS;CORDONES DE BOMBILLAS;125;NO; ;Centro, Moncloa - Aravaca;Universidad;LINEAL;763;;AG OBRAS Y EQUIPAMIENTOS;CADENETAS DE 22 M CON 40 PORTALAMPARAS  DE TIPO BLANCA ESFÉRICA DE 1,5 W CADA UNA DE 15 LEDS CADA 0,5 METROS, POTENCIA POR CADENETA DE 60 W
PLAZA LUCA DE TENA;CADENETAS;CORDONES DE BOMBILLAS;126;NO; ;Arganzuela;Palos de Moguer;LINEAL;370;;AG OBRAS Y EQUIPAMIENTOS;CADENETAS DE 22 M CON 40 PORTALAMPARAS  DE TIPO BLANCA ESFÉRICA DE 1,5 W CADA UNA DE 15 LEDS CADA 0,5 METROS, POTENCIA POR CADENETA DE 60 W
PLAZA DE LEGAZPI;CADENETAS;CORDON DE BOMBILLAS;127;NO; ;Arganzuela;Legazpi;LINEAL;184;;AG OBRAS Y EQUIPAMIENTOS;CADENETAS DE 22 M CON 40 PORTALAMPARAS  DE TIPO BLANCA ESFÉRICA DE 1,5 W CADA UNA DE 15 LEDS CADA 0,5 METROS, POTENCIA POR CADENETA DE 60 W
PSO DE LA CASTELLANA. PZA CASTILLA - CUZCO;CADENETAS;DE BOMBILLAS, UN LADO CARRIL CENTRAL Y OTRO CARRIL BUS;128;NO; ;Chamartín, Tetuán;Castillejos;LINEAL;668;;AG OBRAS Y EQUIPAMIENTOS;CADENETAS DE 22 M CON 40 PORTALAMPARAS  DE TIPO BLANCA ESFÉRICA DE 1,5 W CADA UNA DE 15 LEDS CADA 0,5 METROS, POTENCIA POR CADENETA DE 60 W
PSO DE LA CASTELLANA, ENTRE PLAZA DE LIMA Y PLAZA DE CUZCO;CADENETAS;CORDON DE BOMBILLAS;129;NO; ;Chamartín, Tetuán;Cuatro Caminos;LINEAL;647;;AG OBRAS Y EQUIPAMIENTOS;CADENETAS DE 22 M CON 40 PORTALAMPARAS  DE TIPO BLANCA ESFÉRICA DE 1,5 W CADA UNA DE 15 LEDS CADA 0,5 METROS, POTENCIA POR CADENETA DE 60 W
PSO DE LA CASTELLANA.ENTRE RAIMUNDO FDEZ VILLAVERDE Y PLAZA DE LIMA;CADENETAS;CORDON DE BOMBILLAS;130;NO; ;Chamartín, Tetuán;El Viso;LINEAL;590;;AG OBRAS Y EQUIPAMIENTOS;CADENETAS DE 22 M CON 40 PORTALAMPARAS  DE TIPO BLANCA ESFÉRICA DE 1,5 W CADA UNA DE 15 LEDS CADA 0,5 METROS, POTENCIA POR CADENETA DE 60 W
PSO DE LA CASTELLANA. ENTRE RAIMUNDO FDEZ VILLAVERDE Y GTA DE EMILIO CASTELAR;CADENETAS;CORDON DE BOMBILLAS;131;NO; ;Salamanca, Chamartín, Chamberí;Castellana;LINEAL;1222;;AG OBRAS Y EQUIPAMIENTOS;CADENETAS DE 22 M CON 40 PORTALAMPARAS  DE TIPO BLANCA ESFÉRICA DE 1,5 W CADA UNA DE 15 LEDS CADA 0,5 METROS, POTENCIA POR CADENETA DE 60 W
PSO DE LA CASTELLANA. GLORIETA EMILIO CASTELAR-COLÓN;CADENETAS;CORDON DE BOMBILLAS;132;NO; ;Salamanca, Chamberí;Castellana;LINEAL;1017;;AG OBRAS Y EQUIPAMIENTOS;CADENETAS DE 22 M CON 40 PORTALAMPARAS  DE TIPO BLANCA ESFÉRICA DE 1,5 W CADA UNA DE 15 LEDS CADA 0,5 METROS, POTENCIA POR CADENETA DE 60 W
MENENDEZ PELAYO (DE ODONNELL A ALCALDE SAINZ DE BARANDA);CADENETAS;DE BOMBILLAS. SOLO EN LA ACERA DE LAS VIVIENDAS;133;NO; ;Retiro;Los Jerónimos;LINEAL;519;;AG OBRAS Y EQUIPAMIENTOS;CADENETAS DE 22 M CON 40 PORTALAMPARAS  DE TIPO BLANCA ESFÉRICA DE 1,5 W CADA UNA DE 15 LEDS CADA 0,5 METROS, POTENCIA POR CADENETA DE 60 W
ORTEGA Y GASSET (Serrano-Príncipe de Vergara);CADENETAS; ;134;NO; ;Salamanca;Castellana;LINEAL;563;;AG OBRAS Y EQUIPAMIENTOS;CADENETAS DE 22 M CON 40 PORTALAMPARAS  DE TIPO BLANCA ESFÉRICA DE 1,5 W CADA UNA DE 15 LEDS CADA 0,5 METROS, POTENCIA POR CADENETA DE 60 W
JORGE JUAN (DE VELAZQUEZ A NUÑEZ DE BALBOA);CADENETAS;CORDON DE BOMBILLAS;135;NO; ;Salamanca;Recoletos;LINEAL;180;;AG OBRAS Y EQUIPAMIENTOS;CADENETAS DE 22 M CON 40 PORTALAMPARAS  DE TIPO BLANCA ESFÉRICA DE 1,5 W CADA UNA DE 15 LEDS CADA 0,5 METROS, POTENCIA POR CADENETA DE 60 W
ALCALÁ (GOYA - VENTAS);CADENETAS; ;136;NO; ;Salamanca;Goya;LINEAL;1295;;AG OBRAS Y EQUIPAMIENTOS;CADENETAS DE 22 M CON 40 PORTALAMPARAS  DE TIPO BLANCA ESFÉRICA DE 1,5 W CADA UNA DE 15 LEDS CADA 0,5 METROS, POTENCIA POR CADENETA DE 60 W
PLAZA DE MANUEL BECERRA;CADENETAS; ;137;NO; ;Salamanca;Goya;LINEAL;413;;AG OBRAS Y EQUIPAMIENTOS;CADENETAS DE 22 M CON 40 PORTALAMPARAS  DE TIPO BLANCA ESFÉRICA DE 1,5 W CADA UNA DE 15 LEDS CADA 0,5 METROS, POTENCIA POR CADENETA DE 60 W
C CONDE DE PEÑALVER, ENTRE C GOYA Y C JOSE ORTEGA Y GASSET;CADENETAS;CORDONDES DE BOMBILLAS;138;NO; ;Salamanca;Goya;LINEAL;539;;AG OBRAS Y EQUIPAMIENTOS;CADENETAS DE 22 M CON 40 PORTALAMPARAS  DE TIPO BLANCA ESFÉRICA DE 1,5 W CADA UNA DE 15 LEDS CADA 0,5 METROS, POTENCIA POR CADENETA DE 60 W
PRÍNCIPE DE VERGARA. ENTRE LOPEZ DE HOYOS Y PLAZA DE CATALUÑA;CADENETAS;CORDONES DE BOMBILLAS;139;NO; ;Chamartín;El Viso;LINEAL;765;;AG OBRAS Y EQUIPAMIENTOS;CADENETAS DE 22 M CON 40 PORTALAMPARAS  DE TIPO BLANCA ESFÉRICA DE 1,5 W CADA UNA DE 15 LEDS CADA 0,5 METROS, POTENCIA POR CADENETA DE 60 W
C ORENSE, ENTRE C RAIMUNDO FDEZ. VILLAVERE Y C GENERAL PERON;CADENETAS;CORDON DE BOMBILLAS;140;NO; ;Tetuán;Cuatro Caminos;LINEAL;631;;AG OBRAS Y EQUIPAMIENTOS;CADENETAS DE 22 M CON 40 PORTALAMPARAS  DE TIPO BLANCA ESFÉRICA DE 1,5 W CADA UNA DE 15 LEDS CADA 0,5 METROS, POTENCIA POR CADENETA DE 60 W
SOR ANGELA DE LA CRUZ;CADENETAS;CORDON DE BOMBILLAS;141;NO; ;Tetuán;Castillejos;LINEAL;669;;AG OBRAS Y EQUIPAMIENTOS;CADENETAS DE 22 M CON 40 PORTALAMPARAS  DE TIPO BLANCA ESFÉRICA DE 1,5 W CADA UNA DE 15 LEDS CADA 0,5 METROS, POTENCIA POR CADENETA DE 60 W
LOPE DE HARO, DE BRAVO MURILLO A FRANCOS RODRIGUEZ;CADENETAS; ;142;NO; ;Tetuán;Bellas Vistas;LINEAL;523;;AG OBRAS Y EQUIPAMIENTOS;CADENETAS DE 22 M CON 40 PORTALAMPARAS  DE TIPO BLANCA ESFÉRICA DE 1,5 W CADA UNA DE 15 LEDS CADA 0,5 METROS, POTENCIA POR CADENETA DE 60 W
C POETA JOAN MARAGALL, ENTRE C GENERAL PERON Y C SOR ANGELA DE LA CRUZ;CADENETAS; CORDON DE BOMBILLAS;143;NO; ;Tetuán;Cuatro Caminos;LINEAL;741;;AG OBRAS Y EQUIPAMIENTOS;CADENETAS DE 22 M CON 40 PORTALAMPARAS  DE TIPO BLANCA ESFÉRICA DE 1,5 W CADA UNA DE 15 LEDS CADA 0,5 METROS, POTENCIA POR CADENETA DE 60 W
ELOY GONZALO, ENTRE GLORIETA DE QUEVEDO E IGLESIA;CADENETAS;CORDON DE BOMBILLAS;144;NO; ;Chamberí;Trafalgar;LINEAL;412;;AG OBRAS Y EQUIPAMIENTOS;CADENETAS DE 22 M CON 40 PORTALAMPARAS  DE TIPO BLANCA ESFÉRICA DE 1,5 W CADA UNA DE 15 LEDS CADA 0,5 METROS, POTENCIA POR CADENETA DE 60 W
GLORIETA DE QUEVEDO;CADENETAS;CORDON DE BOMBILLAS;145;NO; ;Chamberí;Trafalgar;LINEAL;133;;AG OBRAS Y EQUIPAMIENTOS;CADENETAS DE 22 M CON 40 PORTALAMPARAS  DE TIPO BLANCA ESFÉRICA DE 1,5 W CADA UNA DE 15 LEDS CADA 0,5 METROS, POTENCIA POR CADENETA DE 60 W
PLAZA DE ESPAÑA;CADENETAS; ;146;NO; ;Centro;Palacio;LINEAL;199;;AG OBRAS Y EQUIPAMIENTOS;CADENETAS DE 22 M CON 40 PORTALAMPARAS  DE TIPO BLANCA ESFÉRICA DE 1,5 W CADA UNA DE 15 LEDS CADA 0,5 METROS, POTENCIA POR CADENETA DE 60 W
FERRAZ;CADENETAS; ;147;NO; ;Moncloa - Aravaca;Argüelles;LINEAL;615;;AG OBRAS Y EQUIPAMIENTOS;CADENETAS DE 22 M CON 40 PORTALAMPARAS  DE TIPO BLANCA ESFÉRICA DE 1,5 W CADA UNA DE 15 LEDS CADA 0,5 METROS, POTENCIA POR CADENETA DE 60 W
MARQUES DE URQUIJO;CADENETAS;CORDONES DE BOMBILLAS;148;NO; ;Moncloa - Aravaca;Argüelles;LINEAL;481;;AG OBRAS Y EQUIPAMIENTOS;CADENETAS DE 22 M CON 40 PORTALAMPARAS  DE TIPO BLANCA ESFÉRICA DE 1,5 W CADA UNA DE 15 LEDS CADA 0,5 METROS, POTENCIA POR CADENETA DE 60 W
PASEO DE LA FLORIDA;CADENETAS;CORDON DE BOMBILLAS;149;NO; ;Moncloa - Aravaca;Casa de Campo;LINEAL;900;;AG OBRAS Y EQUIPAMIENTOS;CADENETAS DE 22 M CON 40 PORTALAMPARAS  DE TIPO BLANCA ESFÉRICA DE 1,5 W CADA UNA DE 15 LEDS CADA 0,5 METROS, POTENCIA POR CADENETA DE 60 W
ANTONIO MACHADO;CADENETAS;CORDON DE BOMBILLAS;150;NO; ;Moncloa - Aravaca;Valdezarza;LINEAL;414;;AG OBRAS Y EQUIPAMIENTOS;CADENETAS DE 22 M CON 40 PORTALAMPARAS  DE TIPO BLANCA ESFÉRICA DE 1,5 W CADA UNA DE 15 LEDS CADA 0,5 METROS, POTENCIA POR CADENETA DE 60 W
BAJA DE LA IGLESIA;CADENETAS;CORDON DE BOMBILLAS, EN LA ACERA DE LA IGLESIA;151;NO; ;Moncloa - Aravaca;Aravaca;LINEAL;101;;AG OBRAS Y EQUIPAMIENTOS;CADENETAS DE 22 M CON 40 PORTALAMPARAS  DE TIPO BLANCA ESFÉRICA DE 1,5 W CADA UNA DE 15 LEDS CADA 0,5 METROS, POTENCIA POR CADENETA DE 60 W
AVENIDA DE LA GALAXIA;CADENETAS;CORDON DE BOMBILLAS;152;NO; ;Moncloa - Aravaca;Aravaca;LINEAL;76;;AG OBRAS Y EQUIPAMIENTOS;CADENETAS DE 22 M CON 40 PORTALAMPARAS  DE TIPO BLANCA ESFÉRICA DE 1,5 W CADA UNA DE 15 LEDS CADA 0,5 METROS, POTENCIA POR CADENETA DE 60 W
CRUCE CARDENAL HERRERA ORIA;CADENETAS;CORDONES DE BOMBILLAS;153;NO; ;Fuencarral - El Pardo;Valverde;LINEAL;319;;AG OBRAS Y EQUIPAMIENTOS;CADENETAS DE 22 M CON 40 PORTALAMPARAS  DE TIPO BLANCA ESFÉRICA DE 1,5 W CADA UNA DE 15 LEDS CADA 0,5 METROS, POTENCIA POR CADENETA DE 60 W
C NURIA, ENTRE ZONA COMERCIAL Y C PEÑA SIRIO;CADENETAS;CORDONES DE BOMBILLAS;154;NO; ;Fuencarral - El Pardo;Mirasierra;LINEAL;344;;AG OBRAS Y EQUIPAMIENTOS;CADENETAS DE 22 M CON 40 PORTALAMPARAS  DE TIPO BLANCA ESFÉRICA DE 1,5 W CADA UNA DE 15 LEDS CADA 0,5 METROS, POTENCIA POR CADENETA DE 60 W
PASEO DE EXTREMADURA;CADENETAS; ;155;NO; ;Latina;Puerta del Ángel;LINEAL;1245;;AG OBRAS Y EQUIPAMIENTOS;CADENETAS DE 22 M CON 40 PORTALAMPARAS  DE TIPO BLANCA ESFÉRICA DE 1,5 W CADA UNA DE 15 LEDS CADA 0,5 METROS, POTENCIA POR CADENETA DE 60 W
PLAZA DE LA EMPERATRIZ;CADENETAS; ;156;NO; ;Carabanchel;Buenavista;LINEAL;149;;AG OBRAS Y EQUIPAMIENTOS;CADENETAS DE 22 M CON 40 PORTALAMPARAS  DE TIPO BLANCA ESFÉRICA DE 1,5 W CADA UNA DE 15 LEDS CADA 0,5 METROS, POTENCIA POR CADENETA DE 60 W
AVDA. DE LA PESETA;CADENETAS; ;157;NO; ;Carabanchel;Buenavista;LINEAL;1634;;AG OBRAS Y EQUIPAMIENTOS;CADENETAS DE 22 M CON 40 PORTALAMPARAS  DE TIPO BLANCA ESFÉRICA DE 1,5 W CADA UNA DE 15 LEDS CADA 0,5 METROS, POTENCIA POR CADENETA DE 60 W
GLORIETA DE CÁDIZ;CADENETAS;CORDON DE BOMBILLAS;158;NO; ;Usera;Almendrales;LINEAL;134;;AG OBRAS Y EQUIPAMIENTOS;CADENETAS DE 22 M CON 40 PORTALAMPARAS  DE TIPO BLANCA ESFÉRICA DE 1,5 W CADA UNA DE 15 LEDS CADA 0,5 METROS, POTENCIA POR CADENETA DE 60 W
C RAFAELA YBARRA, ENTRE C MARCELO USERA Y KIOSKO PARQUE;CADENETAS;CORDNO DE BOMBILLAS, EN  ACERA DEL PARQUE OLOF PALME;159;NO; ;Usera;Zofío;LINEAL;113;;AG OBRAS Y EQUIPAMIENTOS;CADENETAS DE 22 M CON 40 PORTALAMPARAS  DE TIPO BLANCA ESFÉRICA DE 1,5 W CADA UNA DE 15 LEDS CADA 0,5 METROS, POTENCIA POR CADENETA DE 60 W
BULEVAR PEÑA GORBEA;CADENETAS; ;160;NO; ;Puente de Vallecas;San Diego;LINEAL;231;;AG OBRAS Y EQUIPAMIENTOS;CADENETAS DE 22 M CON 40 PORTALAMPARAS  DE TIPO BLANCA ESFÉRICA DE 1,5 W CADA UNA DE 15 LEDS CADA 0,5 METROS, POTENCIA POR CADENETA DE 60 W
C FUENTE CARRANTONA, ENTRE C PAVONES Y C ENCOMIENDA DE PALACIOS;CADENETAS;CORDON DE BOMBILLAS, EN ACERA DE JMD MORATALAZ;161;NO; ;Moratalaz;Pavones;LINEAL;297;;AG OBRAS Y EQUIPAMIENTOS;CADENETAS DE 22 M CON 40 PORTALAMPARAS  DE TIPO BLANCA ESFÉRICA DE 1,5 W CADA UNA DE 15 LEDS CADA 0,5 METROS, POTENCIA POR CADENETA DE 60 W
HACIENDA DE PAVONES, ENTRE PZ DEL ENCUENTRO Y C CORREGIDOR ALONSO DE TOBAR);CADENETAS;DE BOMBILLAS;162;NO; ;Moratalaz;Fontarrón;LINEAL;286;;AG OBRAS Y EQUIPAMIENTOS;CADENETAS DE 22 M CON 40 PORTALAMPARAS  DE TIPO BLANCA ESFÉRICA DE 1,5 W CADA UNA DE 15 LEDS CADA 0,5 METROS, POTENCIA POR CADENETA DE 60 W
AVDA. DE MORATALAZ, ENTRE PZ DEL ENCUENTRO Y CAMINO DE LOS VINATEROS);CADENETAS;DE BOMBILLAS;163;NO; ;Moratalaz;Vinateros;LINEAL;461;;AG OBRAS Y EQUIPAMIENTOS;CADENETAS DE 22 M CON 40 PORTALAMPARAS  DE TIPO BLANCA ESFÉRICA DE 1,5 W CADA UNA DE 15 LEDS CADA 0,5 METROS, POTENCIA POR CADENETA DE 60 W
AVDA. INST. LIBRE DE ENSEÑANZA, ENTRE C ALCALA Y C VITAL AZA;CADENETAS;CORDON DE BOMBILLAS, SOLO EN LA ACERA DE LA JUNTA MUNICIPAL;164;NO; ;Ciudad Lineal;Pueblo Nuevo;LINEAL;403;;AG OBRAS Y EQUIPAMIENTOS;CADENETAS DE 22 M CON 40 PORTALAMPARAS  DE TIPO BLANCA ESFÉRICA DE 1,5 W CADA UNA DE 15 LEDS CADA 0,5 METROS, POTENCIA POR CADENETA DE 60 W
C ALCALA, ENTRE C ARTURO SORIA Y C GENERAL ARANAZ;CADENETAS;CORDON DE BOMBILLAS;165;NO; ;Ciudad Lineal;Pueblo Nuevo;LINEAL;235;;AG OBRAS Y EQUIPAMIENTOS;CADENETAS DE 22 M CON 40 PORTALAMPARAS  DE TIPO BLANCA ESFÉRICA DE 1,5 W CADA UNA DE 15 LEDS CADA 0,5 METROS, POTENCIA POR CADENETA DE 60 W
C CALERUEGA, ENTRE C ARTURO SORIA Y C CONDADO DE TREVIÑO;CADENETAS;CORDON DE BOMBILLAS;166;NO; ;Ciudad Lineal;Costillares;LINEAL;541;;AG OBRAS Y EQUIPAMIENTOS;CADENETAS DE 22 M CON 40 PORTALAMPARAS  DE TIPO BLANCA ESFÉRICA DE 1,5 W CADA UNA DE 15 LEDS CADA 0,5 METROS, POTENCIA POR CADENETA DE 60 W
CARRETERA DE CANILLAS;CADENETAS; ;167;NO; ;Hortaleza;Canillas;LINEAL;162;;AG OBRAS Y EQUIPAMIENTOS;CADENETAS DE 22 M CON 40 PORTALAMPARAS  DE TIPO BLANCA ESFÉRICA DE 1,5 W CADA UNA DE 15 LEDS CADA 0,5 METROS, POTENCIA POR CADENETA DE 60 W
PASEO ALBERTO , ENTRE PLAZA DE AGATA Y C ENCARNACION DEL PINO;CADENETAS; ;168;NO; ;Villaverde;Villaverde Alto - Casco Histórico de Villaverde;LINEAL;262;;AG OBRAS Y EQUIPAMIENTOS;CADENETAS DE 22 M CON 40 PORTALAMPARAS  DE TIPO BLANCA ESFÉRICA DE 1,5 W CADA UNA DE 15 LEDS CADA 0,5 METROS, POTENCIA POR CADENETA DE 60 W
PLAZA DE AGATA;CADENETAS; ;169;NO; ;Villaverde;Villaverde Alto - Casco Histórico de Villaverde;LINEAL;222;;AG OBRAS Y EQUIPAMIENTOS;CADENETAS DE 22 M CON 40 PORTALAMPARAS  DE TIPO BLANCA ESFÉRICA DE 1,5 W CADA UNA DE 15 LEDS CADA 0,5 METROS, POTENCIA POR CADENETA DE 60 W
JMD VILLAVERDE;CADENETAS; ;170;NO; ;Villaverde;Villaverde Alto - Casco Histórico de Villaverde;LINEAL;67;;AG OBRAS Y EQUIPAMIENTOS;CADENETAS DE 22 M CON 40 PORTALAMPARAS  DE TIPO BLANCA ESFÉRICA DE 1,5 W CADA UNA DE 15 LEDS CADA 0,5 METROS, POTENCIA POR CADENETA DE 60 W
PZA DE LOS PINAZO;CADENETAS; ;171;NO; ;Villaverde;San Cristóbal;LINEAL;505;;AG OBRAS Y EQUIPAMIENTOS;CADENETAS DE 22 M CON 40 PORTALAMPARAS  DE TIPO BLANCA ESFÉRICA DE 1,5 W CADA UNA DE 15 LEDS CADA 0,5 METROS, POTENCIA POR CADENETA DE 60 W
PASEO FEDERICO GARCIA LORCA;CADENETAS; ;172;NO; ;Villa de Vallecas;Casco Histórico de Vallecas;LINEAL;339;;AG OBRAS Y EQUIPAMIENTOS;CADENETAS DE 22 M CON 40 PORTALAMPARAS  DE TIPO BLANCA ESFÉRICA DE 1,5 W CADA UNA DE 15 LEDS CADA 0,5 METROS, POTENCIA POR CADENETA DE 60 W
C SAN CIPRIANO, ENTRE C PICO ARTILLEROS HASTA C JARDIN DE LA DUQUESA;CADENETAS;CORDON DE BOMBILLAS;173;NO; ;Vicálvaro;Casco histórico de Vicálvaro;LINEAL;404;;AG OBRAS Y EQUIPAMIENTOS;CADENETAS DE 22 M CON 40 PORTALAMPARAS  DE TIPO BLANCA ESFÉRICA DE 1,5 W CADA UNA DE 15 LEDS CADA 0,5 METROS, POTENCIA POR CADENETA DE 60 W
PLAZA DE DON ANTONIO DE ANDRES;CADENETAS;CORDON DE BOMBILLAS. JM DE DISTRTITO;174;NO; ;Vicálvaro;Casco histórico de Vicálvaro;LINEAL;175;;AG OBRAS Y EQUIPAMIENTOS;CADENETAS DE 22 M CON 40 PORTALAMPARAS  DE TIPO BLANCA ESFÉRICA DE 1,5 W CADA UNA DE 15 LEDS CADA 0,5 METROS, POTENCIA POR CADENETA DE 60 W
FERMINA SEVILLANO;CADENETAS; ;175;NO; ;San Blas - Canillejas;Rejas;LINEAL;181;;AG OBRAS Y EQUIPAMIENTOS;CADENETAS DE 22 M CON 40 PORTALAMPARAS  DE TIPO BLANCA ESFÉRICA DE 1,5 W CADA UNA DE 15 LEDS CADA 0,5 METROS, POTENCIA POR CADENETA DE 60 W
PLAZA MAYOR DE CIUDAD PEGASO;CADENETAS; ;176;NO; ;San Blas - Canillejas;Rejas;LINEAL;142;;AG OBRAS Y EQUIPAMIENTOS;CADENETAS DE 22 M CON 40 PORTALAMPARAS  DE TIPO BLANCA ESFÉRICA DE 1,5 W CADA UNA DE 15 LEDS CADA 0,5 METROS, POTENCIA POR CADENETA DE 60 W
NÉCTAR;CADENETAS; ;177;NO; ;San Blas - Canillejas;Canillejas;LINEAL;452;;AG OBRAS Y EQUIPAMIENTOS;CADENETAS DE 22 M CON 40 PORTALAMPARAS  DE TIPO BLANCA ESFÉRICA DE 1,5 W CADA UNA DE 15 LEDS CADA 0,5 METROS, POTENCIA POR CADENETA DE 60 W
INVENTORES;CADENETAS; ;178;NO; ;San Blas - Canillejas;Hellín;LINEAL;54;;AG OBRAS Y EQUIPAMIENTOS;CADENETAS DE 22 M CON 40 PORTALAMPARAS  DE TIPO BLANCA ESFÉRICA DE 1,5 W CADA UNA DE 15 LEDS CADA 0,5 METROS, POTENCIA POR CADENETA DE 60 W
C BOLTAÑA, ENTRE C CARTAGO Y C BARBASTRO;CADENETAS;CORDON DE BOMBILLAS, SOLO EN LA ACERA DE LOS ARBOLES;179;NO; ;San Blas - Canillejas;Canillejas;LINEAL;181;;AG OBRAS Y EQUIPAMIENTOS;CADENETAS DE 22 M CON 40 PORTALAMPARAS  DE TIPO BLANCA ESFÉRICA DE 1,5 W CADA UNA DE 15 LEDS CADA 0,5 METROS, POTENCIA POR CADENETA DE 60 W
CALLE AMPOSTA;CADENETAS; ;180;NO; ;San Blas - Canillejas;Amposta;LINEAL;255;;AG OBRAS Y EQUIPAMIENTOS;CADENETAS DE 22 M CON 40 PORTALAMPARAS  DE TIPO BLANCA ESFÉRICA DE 1,5 W CADA UNA DE 15 LEDS CADA 0,5 METROS, POTENCIA POR CADENETA DE 60 W
MEDINA DE POMAR;CADENETAS; ;181;NO; ;Barajas;Aeropuerto;LINEAL;142;;AG OBRAS Y EQUIPAMIENTOS;CADENETAS DE 22 M CON 40 PORTALAMPARAS  DE TIPO BLANCA ESFÉRICA DE 1,5 W CADA UNA DE 15 LEDS CADA 0,5 METROS, POTENCIA POR CADENETA DE 60 W
PLAZA DE LOS HERMANOS FALCO Y ALVAREZ DE TOLEDO;CADENETAS;CORDON DE BOMBILLAS;182;NO; ;Barajas;Casco Histórico de Barajas;LINEAL;217;;AG OBRAS Y EQUIPAMIENTOS;CADENETAS DE 22 M CON 40 PORTALAMPARAS  DE TIPO BLANCA ESFÉRICA DE 1,5 W CADA UNA DE 15 LEDS CADA 0,5 METROS, POTENCIA POR CADENETA DE 60 W
PZA DEL NAVÍO;CADENETAS; ;183;NO; ;Barajas;Alameda de Osuna;LINEAL;99;;AG OBRAS Y EQUIPAMIENTOS;CADENETAS DE 22 M CON 40 PORTALAMPARAS  DE TIPO BLANCA ESFÉRICA DE 1,5 W CADA UNA DE 15 LEDS CADA 0,5 METROS, POTENCIA POR CADENETA DE 60 W
AVDA LOGROÑO, ENTRE PLAZA DE LOS PAJARONES HASTA C ALGEMESI;CADENETAS;CORDON DE BOMBILLAS;184;NO; ;Barajas;Casco Histórico de Barajas;LINEAL;325;;AG OBRAS Y EQUIPAMIENTOS;CADENETAS DE 22 M CON 40 PORTALAMPARAS  DE TIPO BLANCA ESFÉRICA DE 1,5 W CADA UNA DE 15 LEDS CADA 0,5 METROS, POTENCIA POR CADENETA DE 60 W
GLORIETA DEL EMPERADOR CARLOS V;CEREZOS;9 CEREZOS, 6 COLOR PLATA Y 3 COLOR CHAMPAN;185;NO; ;Centro, Retiro;Los Jerónimos;PUNTUAL;;;AG OBRAS Y EQUIPAMIENTOS;MOTIVO LUMINOSO
GLÑORIETA RUIZ JIMENEZ;CEREZOS; ;187;NO; ;Centro, Chamberí;Universidad;PUNTUAL;;;AG OBRAS Y EQUIPAMIENTOS;MOTIVO LUMINOSO
PLAZA DE ALONSO MARTINEZ;CEREZOS;3 CEREZOS, DOS PLATA Y UNO CHAMPAN, EN ISLETA CENTRAL;188;NO; ;Centro, Chamberí;Trafalgar;PUNTUAL;;;AG OBRAS Y EQUIPAMIENTOS;MOTIVO LUMINOSO
PLAZA DE LA CORTES;CEREZOS;CONGRESO DE LOS DIPUTADOS - 3 CEREZOS;189;NO; ;Centro;Cortes;PUNTUAL;;3;AG OBRAS Y EQUIPAMIENTOS;MOTIVO LUMINOSO
PLAZA DE LAVAPIES;CEREZOS;2 CEREZOS, COLOR PLATA Y CHAMPAN;191;NO; ;Centro;Embajadores;PUNTUAL;;2;AG OBRAS Y EQUIPAMIENTOS;MOTIVO LUMINOSO
PLAZA DE LA REMONTA;CEREZOS; ;192;NO;;;;PUNTUAL;;;AG OBRAS Y EQUIPAMIENTOS;MOTIVO LUMINOSO
PLAZA DE LEGAZPI;CEREZOS;3 CEREZOS, COLORES AZUL, PLATA Y CHAMPAN, EN ISLETA CENTRAL;193;NO; ;Arganzuela;Legazpi;PUNTUAL;;;AG OBRAS Y EQUIPAMIENTOS;MOTIVO LUMINOSO
MATADERO;CEREZOS;4 CEREZOS, COLOR 2 PLATA Y 2 CHAMPAN;194;NO; ;Arganzuela;Chopera;PUNTUAL;;;AG OBRAS Y EQUIPAMIENTOS;MOTIVO LUMINOSO
AV CIUDAD DE BARCELONA;CEREZOS;JM DE RETIRO;195;NO; ;Retiro;Pacífico;PUNTUAL;;;AG OBRAS Y EQUIPAMIENTOS;MOTIVO LUMINOSO
MONTALBAN;CEREZOS;PUERTA DEL AYUNTAMEINTO;196;NO; ;Retiro;Los Jerónimos;PUNTUAL;;;AG OBRAS Y EQUIPAMIENTOS;MOTIVO LUMINOSO
PASEO MARQUES DE ZAFRA;CEREZOS; ;197;NO; ;Salamanca;Fuente del Berro;PUNTUAL;;;AG OBRAS Y EQUIPAMIENTOS;MOTIVO LUMINOSO
GLORIETA EMILIO CASTELAR;CEREZOS;3 CEREZOS, 2 COLOR AZUL Y 1 PLATA. EN ISLETA CENTRAL;198;NO; ;Salamanca, Chamberí;Almagro;PUNTUAL;;;AG OBRAS Y EQUIPAMIENTOS;MOTIVO LUMINOSO
PLAZA MARQUES DE SALAMANACA;CEREZOS; ;199;NO; ;Salamanca;Castellana;PUNTUAL;;;AG OBRAS Y EQUIPAMIENTOS;MOTIVO LUMINOSO
PRINCIPE DE VERGARA;CEREZOS; 2 CEREZOS. PLATA Y CHAMPAN. JUNTA MUNICIPAL DE CHAMARTIN;200;NO; ;Chamartín;Ciudad Jardín;PUNTUAL;;;AG OBRAS Y EQUIPAMIENTOS;MOTIVO LUMINOSO
GLORIETA DE LOPES DE HOYOS;CEREZOS;4 CEREZOS. 3 AZULES Y 1 CHAMPAN;201;NO; ;Chamartín;El Viso;PUNTUAL;;;AG OBRAS Y EQUIPAMIENTOS;MOTIVO LUMINOSO
PLAZA DE CHAMBERI. JUNTA MUNICIPAL;CEREZOS;1 CEREZO. COLOR PLATA;203;NO; ;Chamberí;Almagro;PUNTUAL;;;AG OBRAS Y EQUIPAMIENTOS;MOTIVO LUMINOSO
GLORIETA DE RUBEN DARIO;CEREZOS; ;204;NO; ;Chamberí;Almagro;PUNTUAL;;;AG OBRAS Y EQUIPAMIENTOS;MOTIVO LUMINOSO
GLORIETA DE QUEVEDO;CEREZOS;3 CEREZOS AZULES,.EN ISLETA CENTRAL;205;NO; ;Chamberí;Trafalgar;PUNTUAL;;;AG OBRAS Y EQUIPAMIENTOS;MOTIVO LUMINOSO
PLAZA DE MONCLOA;CEREZOS;JM DE MONCLOA-ARAVACA;206;NO; ;Moncloa - Aravaca;Argüelles;PUNTUAL;;;AG OBRAS Y EQUIPAMIENTOS;MOTIVO LUMINOSO
AV OSA MAYOR;CEREZOS;2 CEREZOS, COLOR PLATA Y CHAMPAN;207;NO; ;Moncloa - Aravaca;Aravaca;PUNTUAL;;;AG OBRAS Y EQUIPAMIENTOS;MOTIVO LUMINOSO
PLAZA DEL PARDO;CEREZOS; ;208;NO; ;Fuencarral - El Pardo;El Pardo;PUNTUAL;;;AG OBRAS Y EQUIPAMIENTOS;MOTIVO LUMINOSO
AV CAMINO DE SANTIAGO CON AV SANTO DOMINGO DE LA CALZADA, METRO LAS TABLAS;CEREZOS;DOS CEREZOS, COLOR PLATA;209;NO; ;Fuencarral - El Pardo;Valverde;PUNTUAL;;;AG OBRAS Y EQUIPAMIENTOS;MOTIVO LUMINOSO
AV AGUILAS 2;CEREZOS;JM DE LATINA;210;NO; ;Latina;Águilas;PUNTUAL;;;AG OBRAS Y EQUIPAMIENTOS;MOTIVO LUMINOSO
PLAZA DE CARABANCHEL;CEREZOS; ;211;NO; ;Carabanchel;Puerta Bonita;PUNTUAL;;;AG OBRAS Y EQUIPAMIENTOS;MOTIVO LUMINOSO
OPORTO CON CAMINO VIEJO DE LEGANES;CEREZOS;2 CEREZOS, AZUL Y CHAMPAN;212;NO; ;Carabanchel;Puerta Bonita;PUNTUAL;;;AG OBRAS Y EQUIPAMIENTOS;MOTIVO LUMINOSO
GLORIETA DE MARQUES DE VADILLO;CEREZOS;2 CEREZOS, COLOR AZUL Y CHAMPAN;213;NO; ;Carabanchel;San Isidro;PUNTUAL;;;AG OBRAS Y EQUIPAMIENTOS;MOTIVO LUMINOSO
AV RAFAELA YBARRA;CEREZOS;2 CEREZOS. JM DE USERA;214;NO; ;Usera;Pradolongo;PUNTUAL;;;AG OBRAS Y EQUIPAMIENTOS;MOTIVO LUMINOSO
ACCESO PRINCIPAL AL HOSPITAL 12 DE OCTUBRE;CEREZOS;2 CEREZOS, COLOR PLATA Y CHAMPAN;215;NO; ;Usera;Orcasur;PUNTUAL;;;AG OBRAS Y EQUIPAMIENTOS;MOTIVO LUMINOSO
AVDA ALBUFERA CON AV BUENOS AIRES;CEREZOS;2 CEREZOS, COLOR PLATA Y CHAMPAN;216;NO; ;Puente de Vallecas;Portazgo;PUNTUAL;;;AG OBRAS Y EQUIPAMIENTOS;MOTIVO LUMINOSO
C FUENTE CARRANTONA. JUNTA MUNICIPAL;CEREZOS;2 CEREZOS, COLOR PLATA;217;NO; ;Moratalaz;Pavones;PUNTUAL;;;AG OBRAS Y EQUIPAMIENTOS;MOTIVO LUMINOSO
PLAZA CORREGIDOR ALONSO DE TOBAR;CEREZOS;2 CEREZOS A CADA LADO DE LA AV DE MORATALAZ, COLOR PLATA Y CHAMPAN;218;NO; ;Moratalaz;Vinateros;PUNTUAL;;;AG OBRAS Y EQUIPAMIENTOS;MOTIVO LUMINOSO
ASCAO 3;CEREZOS;2 CEREZOS COLO PLATA Y AZUL. DONDE CENTRO DE MAYORES;219;NO; ;Ciudad Lineal;Pueblo Nuevo;PUNTUAL;;;AG OBRAS Y EQUIPAMIENTOS;MOTIVO LUMINOSO
ARTURO SORIA 101 - CENTRO COMERCIAL;CEREZOS; ;220;NO; ;Ciudad Lineal;San Juan Bautista;PUNTUAL;;;AG OBRAS Y EQUIPAMIENTOS;MOTIVO LUMINOSO
GTA DE SANDRO PERTINI;CEREZOS; ;221;NO; ;Hortaleza;Canillas;PUNTUAL;;;AG OBRAS Y EQUIPAMIENTOS;MOTIVO LUMINOSO
Sanchinarro: inmediaciones estación metro Blasco Ibáñez;CEREZOS; ;222;NO; ;Hortaleza;Valdefuentes;PUNTUAL;;;AG OBRAS Y EQUIPAMIENTOS;MOTIVO LUMINOSO
JMD VILLAVERDE;CEREZOS;2 CEREZOS, COLOR PLATA Y CHAMPAN;223;NO; ;Villaverde;Villaverde Alto - Casco Histórico de Villaverde;PUNTUAL;;;AG OBRAS Y EQUIPAMIENTOS;MOTIVO LUMINOSO
JMD VILLA VALLECAS_Paseo Federico García Lorca;CEREZOS; ;224;NO; ;Villa de Vallecas;Casco Histórico de Vallecas;PUNTUAL;;;AG OBRAS Y EQUIPAMIENTOS;MOTIVO LUMINOSO
SAN CIPRIANO;CEREZOS;2 CEREZOS, JUNTA MUNICIPAL;225;NO; ;Vicálvaro;Casco histórico de Vicálvaro;PUNTUAL;;;AG OBRAS Y EQUIPAMIENTOS;MOTIVO LUMINOSO
C MINERVA CON C AURORA BOREAL;CEREZOS;2 CEREZOS, COLOR PLATA Y CHAMPAN;226;NO; ;Vicálvaro;Valderrivas;PUNTUAL;;;AG OBRAS Y EQUIPAMIENTOS;MOTIVO LUMINOSO
BULEVAR INDALECIO PRIETO;CEREZOS; ;227;NO; ;Vicálvaro;Valdebernardo;PUNTUAL;;;AG OBRAS Y EQUIPAMIENTOS;MOTIVO LUMINOSO
Avenida Miguel Delibes-Mario Moreno Cantinflas;CEREZOS; ;228;NO; ;Vicálvaro;El Cañaveral;PUNTUAL;;;AG OBRAS Y EQUIPAMIENTOS;MOTIVO LUMINOSO
PLAZA DE LA VILLA DE CANILLEJAS;CEREZOS;2 CEREZOS, UNO COLOR CHAMPAN Y OTRO COLOR ORO;229;NO; ;San Blas - Canillejas;Canillejas;PUNTUAL;;;AG OBRAS Y EQUIPAMIENTOS;MOTIVO LUMINOSO
PLAZA MAYOR DE CIUDAD PEGASO;CEREZOS; ;230;NO; ;San Blas - Canillejas;Rejas;PUNTUAL;;;AG OBRAS Y EQUIPAMIENTOS;MOTIVO LUMINOSO
AV ARCENTALES;CEREZOS;JM DE SAN BLAS-CANILLEJAS;231;NO; ;San Blas - Canillejas;Rosas;PUNTUAL;;;AG OBRAS Y EQUIPAMIENTOS;MOTIVO LUMINOSO
GLORIETA DE LA ERMITA DE LA VIRGEN DE LA SOLEDAD;CEREZOS;2 CEREZOS, UNO COLOR PLATA Y OTRO COLOR CHAMPAN. EN LA ZONA ESTANCIAL DE LA ISLETA;232;NO; ;Barajas;Aeropuerto;PUNTUAL;;;AG OBRAS Y EQUIPAMIENTOS;MOTIVO LUMINOSO
MADRID RIO - GLORIETA DE SAN VICENTE;ABETO;35 METROS DE ALTURA. DISEÑO CON TRIANGULOS -;233;NO;DEVOTA & LOMBA;Centro, Moncloa - Aravaca;Palacio;PUNTUAL;;;AG OBRAS Y EQUIPAMIENTOS;La geometría y la papiroflexia son protagonistas de este diseño, señas de identidad de la marca dirigida por Modesto Lomba. Muchas texturas para que parezca un abeto de verdad y metacrilato que simula la nieve
PLAZA DE ESPAÑA;ABETO;ABETO NATURAL;234;NO;DM;Moncloa - Aravaca;Argüelles;PUNTUAL;;;AG OBRAS Y EQUIPAMIENTOS;Gran abeto natural de 19 metros de altura, adornado con 800 bolas y 200 caramelos
PARQUE DEL RETIRO - AV DE MEJICO;CEREZOS;4 CEREZOS;235;NO; ;Retiro;Los Jerónimos;PUNTUAL;;4;AG OBRAS Y EQUIPAMIENTOS;MOTIVO LUMINOSO
PARQUE DEL RETIRO - PERIMETRO ESTANQUE;CEREZOS; ;236;NO; ;Retiro;Los Jerónimos;PUNTUAL;;;AG OBRAS Y EQUIPAMIENTOS;MOTIVO LUMINOSO
PARQUE DEL RETIRO - PERIMETRO ESTANQUE;CEREZOS;6 CEREZOS. ZONA TRASERA DEL MONUMENTO;237;NO; ;Retiro;Los Jerónimos;PUNTUAL;;;AG OBRAS Y EQUIPAMIENTOS;MOTIVO LUMINOSO
PARQUE DEL RETIRO - PERIMETRO ESTANQUE;CEREZOS; ;238;NO; ;Retiro;Los Jerónimos;PUNTUAL;;;AG OBRAS Y EQUIPAMIENTOS;MOTIVO LUMINOSO
PARQUE DEL RETIRO - PERIMETRO ESTANQUE;CEREZOS; 4 CEREZOS, COLOR 2 BLANCO Y 2 MORADO;239;NO; ;Retiro;Los Jerónimos;PUNTUAL;;;AG OBRAS Y EQUIPAMIENTOS;MOTIVO LUMINOSO
PARQUE DEL RETIRO - PASEO ARGENTINA;CADENETAS;CADENETAS BOMBILLAS COLOR ROJO;240;NO; ;Retiro;Los Jerónimos;LINEAL;585;;AG OBRAS Y EQUIPAMIENTOS;CADENETAS DE 22 M CON 40 PORTALAMPARAS  DE TIPO BLANCA ESFÉRICA DE 1,5 W CADA UNA DE 15 LEDS CADA 0,5 METROS, POTENCIA POR CADENETA DE 60 W
PARQUE DEL RETIRO - AV DE MEJICO;CADENETAS;ARBOLES CON CORDON LUMINOSO DE COLOR ROJO;242;NO; ;Retiro;Los Jerónimos;LINEAL;328;;AG OBRAS Y EQUIPAMIENTOS;CADENETAS DE 22 M CON 40 PORTALAMPARAS  DE TIPO BLANCA ESFÉRICA DE 1,5 W CADA UNA DE 15 LEDS CADA 0,5 METROS, POTENCIA POR CADENETA DE 60 W
PARQUE DEL RETIRO - PUERTA DE ESPAÑA;MOTIVO NAVIDEÑO;BELEN;244;NO; ;Retiro;Los Jerónimos;PUNTUAL;;;AG OBRAS Y EQUIPAMIENTOS;MOTIVO LUMINOSO
FUENTE DE CIBELES;MOTIVO NAVIDEÑO;ILUMINACION BANDERA DE ESPAÑA;245;NO; ;Centro, Retiro, Salamanca;Los Jerónimos;LINEAL;;;AG OBRAS Y EQUIPAMIENTOS;MOTIVO LUMINOSO
FUENTE DE NEPTUNO;MOTIVO NAVIDEÑO;ILUMINACION BANDERA DE ESPAÑA;246;NO; ;Centro;Cortes;LINEAL;;;AG OBRAS Y EQUIPAMIENTOS;MOTIVO LUMINOSO
ENTRADA PLAZA MAYOR POR C 7 DE JULIO;MOTIVO NAVIDEÑO;NACIMIENTO;247;NO;BEN BUSCHE;Centro;Sol;PUNTUAL;;;AG OBRAS Y EQUIPAMIENTOS;MOTIVO LUMINOSO
ENTRADA PLAZA MAYOR POR C FELIPE III;MOTIVO NAVIDEÑO;NACIMIENTO;248;NO;BEN BUSCHE;Centro;Sol;PUNTUAL;;;AG OBRAS Y EQUIPAMIENTOS;MOTIVO LUMINOSO
ENTRADA PLAZA MAYOR POR  C SAL;MOTIVO NAVIDEÑO;NACIMIENTO;249;NO;BEN BUSCHE;Centro;Sol;PUNTUAL;;;AG OBRAS Y EQUIPAMIENTOS;MOTIVO LUMINOSO
ENTRADA PLAZA MAYOR POR C GERONA;MOTIVO NAVIDEÑO;NACIMIENTO;251;NO;BEN BUSCHE;Centro;Sol;PUNTUAL;;;AG OBRAS Y EQUIPAMIENTOS;MOTIVO LUMINOSO
ENTRADA PLAZA MAYOR POR C TOLEDO;MOTIVO NAVIDEÑO;NACIMIENTO;252;NO;BEN BUSCHE;Centro;Sol;PUNTUAL;;;AG OBRAS Y EQUIPAMIENTOS;MOTIVO LUMINOSO
PASEO DEL PRADO (DE CIBELES A NEPTUNO);CADENETAS;CORDON DE BOMBILLAS;253;NO; ;Centro, Retiro;Cortes, Los Jerónimos;LINEAL;373;;AG OBRAS Y EQUIPAMIENTOS;CADENETAS DE 22 M CON 40 PORTALAMPARAS  DE TIPO BLANCA ESFÉRICA DE 1,5 W CADA UNA DE 15 LEDS CADA 0,5 METROS, POTENCIA POR CADENETA DE 60 W
PASEO DEL PRADO, ENTRE PLAZA DE NEPTUNO Y GLORIETA DEL EMPERADOR CARLOS V;CADENETAS;CORDON DE BOMBILLAS, EN EL LADO DEL ARBOLADO DEL BULEVAR CENTRAL;254;NO; ;Centro, Retiro;Cortes, Los Jerónimos;LINEAL;606;;AG OBRAS Y EQUIPAMIENTOS;CADENETAS DE 22 M CON 40 PORTALAMPARAS  DE TIPO BLANCA ESFÉRICA DE 1,5 W CADA UNA DE 15 LEDS CADA 0,5 METROS, POTENCIA POR CADENETA DE 60 W
PASEO DE RECOLETOS - CALZADA (DE CIBELES A COLON);CADENETAS;HILO LUMINOSO;255;NO; ;Centro, Retiro;Cortes, Los Jerónimos;LINEAL;562;;AG OBRAS Y EQUIPAMIENTOS;MOTIVO LUMINOSO
PARQUE DEL RETIRO - PERIMETRO ESTANQUE;CEREZOS;16 CEREZOS, VARIOS COLORES;257;NO; ;Retiro;Los Jerónimos;PUNTUAL;;4;AG OBRAS Y EQUIPAMIENTOS;MOTIVO LUMINOSO
