?ID;COD_BARRIO;BARRIO;COD_DISTRITO;DISTRITO;ESTADO;COORD_GIS_X;COORD_GIS_Y;LATITUD;LONGITUD;TIPO_VIA;NOM_VIA;NUM_VIA;COD_POSTAL;DIRECCION_AUX;NDP;FECHA_INSTALACION;CODIGO_INTERNO;UBICACION;USO;MODELO
1118921;43;FUENTE DEL BERRO;4;SALAMANCA;OPERATIVO;443881,34;4475590,91;40,42906316;-3,6615945;PLAZA;AMERICA ESPAÑOLA;5;28028;Entrada PARQUE SANCHO DÁVILA;31047835;2017-04-27;FUE_04_0039;ZV;MASCOTAS;BEBEDERO TERRIER
5154625;83;PEÑAGRANDE;8;FUENCARRAL - EL PARDO;OPERATIVO;438845,032;4480387,121;40,47191427;-3,7214262;CALLE;JOAQUIN LORENZO;5 B;28035;PARQUE ENTRE C/VALLE DE MENA Y JOAQUÍN LORENZO;31009888;2019-06-26;FUE_08_0169;ZV;PERSONAS_Y_MASCOTAS;MIXTA TERRIER
5216235;193;VALDERRIVAS;19;VICALVARO;OPERATIVO;448541,28;4471642,73;40,39379669;-3,60634123;AVENIDA;DE LAS COMUNIDADES;161;28032;ZV POSTERIOR C/ MINERVA Nº157;20180442;2019-11-28;FUE_19_0143;ZV;PERSONAS_Y_MASCOTAS;MIXTA TERRIER
5219912;72;ARAPILES;7;CHAMBERI;OPERATIVO;439733,47;4476105,84;40,43341171;-3,71053998;CALLE;GALILEO;35;28015;Parque José Luis Sampedro;31044128;2019-12-26;FUE_07_0032;ZV;MASCOTAS;BEBEDERO TERRIER
5220275;127;PRADOLONGO;12;USERA;OPERATIVO;439845,78;4469898,55;40,3775016;-3,70862926;CALLE;CRISTO DE LA VICTORIA;245;28026;PARQUE DE PRADOLONGO;31028698;2023-06-16;FUE_12_0075;ZV;PERSONAS_Y_MASCOTAS;MIXTA ESTELA
3568802;153;QUINTANA;15;CIUDAD LINEAL;OPERATIVO;444726,65;4476271,89;40,43525439;-3,6516888;CALLE;VIRGEN DE LLUC;42;28027;PARQUE CALERO, JUNTO ÁREA CANINA;11109420;2017-10-13;FUE_15_0123;ZV;PERSONAS_Y_MASCOTAS;MIXTA NEPTUNO
5108929;12;EMBAJADORES;1;CENTRO;OPERATIVO;440133,39;4473044,21;40,40586001;-3,70553708;RONDA;TOLEDO;9;28005;Parque Casino de la Reina;20150618;2019-05-24;FUE_01_0063;ZV;PERSONAS_Y_MASCOTAS;MIXTA NEPTUNO
5109125;12;EMBAJADORES;1;CENTRO;OPERATIVO;440116,53;4473053,82;40,40594537;-3,70573667;RONDA;TOLEDO;7;28005;Parque Casino de la Reina;11001954;2019-05-24;FUE_01_0064;ZV;PERSONAS_Y_MASCOTAS;MIXTA NEPTUNO
5212696;101;LOS CARMENES;10;LATINA;OPERATIVO;437606,1;4472480,1;40,4005927;-3,735264;AVENIDA;ANGEL SANZ BRIZ;4;28047;CERCA DE AREA CANINA;31067192;2023-07-07;FUE_10_0116;ZV;MASCOTAS;BEBEDERO TERRIER
5220281;127;PRADOLONGO;12;USERA;OPERATIVO;440148,01;4469911,53;40,37764029;-3,7050704;CALLE;CRISTO DE LA VICTORIA;199;28026;JUNTO JARDIN BOTÁNICO;11085922;2023-06-26;FUE_12_0077;ZV;PERSONAS_Y_MASCOTAS;MIXTA ESTELA
5220283;127;PRADOLONGO;12;USERA;OPERATIVO;440330,58;4469741,16;40,3761186;-3,70290388;CALLE;DOCTOR TOLOSA LATOUR;14 B;28026;JUNTO PISTAS DEPORTIVAS;31070728;2023-06-30;FUE_12_0078;ZV;PERSONAS_Y_MASCOTAS;MIXTA ESTELA
5220287;127;PRADOLONGO;12;USERA;OPERATIVO;439997,78;4469323,21;40,37232959;-3,70678463;AVENIDA;POBLADOS;167;28041;AV POBLADOS 146 JUNTO GASOLINERA;31007158;2020-01-10;FUE_12_0079;ZV;PERSONAS_Y_MASCOTAS;MIXTA ESTELA
529529;33;ESTRELLA;3;RETIRO;OPERATIVO;443835,69;4474016,74;40,4148791;-3,66199361;CALLE;JUAN ESPLANDIU;4;28007;ÁREA CANINA DEL PARQUE DE ROMA;11013635;;FUE_03_0005;ZV;MASCOTAS;BEBEDERO NEPTUNO
529791;97;ARAVACA;9;MONCLOA-ARAVACA;OPERATIVO;434095,49;4478300,38;40,45275312;-3,77723365;CALLE;ARROYO DE POZUELO;71;28023;CERCANA AL ÁREA INFANTIL;31005603;;FUE_09_0025;ZV;PERSONAS_Y_MASCOTAS;MIXTA ESTELA
530022;152;PUEBLO NUEVO;15;CIUDAD LINEAL;OPERATIVO;445869,12;4474867,69;40,4226797;-3,63809998;AVENIDA;DAROCA;99;28017;PARQUE LOS TILOS II JUNTO ÁREA CANINA;20117847;;FUE_15_0098;ZV;PERSONAS_Y_MASCOTAS;MIXTA NEPTUNO
5242892;102;PUERTA DEL ANGEL;10;LATINA;OPERATIVO;437432,65;4473211,21;40,40716583;-3,73737969;PLAZA;PATRIARCA EIJO Y GARAY;2;28011;JUNTO ZONA INFANTIL;11062431;2020-01-14;FUE_10_0117;ZV;PERSONAS_Y_MASCOTAS;MIXTA TERRIER
529399;15;UNIVERSIDAD;1;CENTRO;OPERATIVO;440248,16;4475384,04;40,42694655;-3,70440439;CALLE;DOS DE MAYO;1;28004;Plaza Dos de Mayo;11006199;;FUE_01_0020;ZV;PERSONAS_Y_MASCOTAS;MIXTA ESTELA
529792;97;ARAVACA;9;MONCLOA-ARAVACA;OPERATIVO;434197,82;4478382,06;40,45349702;-3,77603541;CALLE;VIRGEN DE LOS ROSALES;44;28023;CERCANA A LAS PISTAS DE PETANCA;20125597;;FUE_09_0026;ZV;PERSONAS_Y_MASCOTAS;MIXTA ESTELA
530057;152;PUEBLO NUEVO;15;CIUDAD LINEAL;OPERATIVO;445616,28;4476178,67;40,43447326;-3,64119246;CALLE;GOMEZ DE AVELLANEDA;37;28017;CV CALLE VICENTE ESPINEL;11107884;;FUE_15_0112;VP;PERSONAS_Y_MASCOTAS;MIXTA ESTELA
530299;205;ROSAS;20;SAN BLAS - CANILLEJAS;OPERATIVO;448527,6;4475657,32;40,42996189;-3,6068272;AVENIDA;NIZA;37;28022;PRÓXIMO JULIA GRACIA BOUTAN ÁREA CANINA;20096820;2023-08-10;FUE_20_0094;ZV;PERSONAS_Y_MASCOTAS;MIXTA ESTELA
530402;135;PORTAZGO;13;PUENTE DE VALLECAS;OPERATIVO;445017,72;4470827,56;40,38622798;-3,64778675;CALLE;TANGER;2;28018;En zona canina Parque C/ Tánger, 2 cv C/Guillermo Pingarrón;11098053;;FUE_13_0090;ZV;MASCOTAS;BEBEDERO CANINO
530413;132;SAN DIEGO;13;PUENTE DE VALLECAS;OPERATIVO;443309,79;4470610,27;40,38415604;-3,66788852;CALLE;DOCTOR BELLIDO;23;28018;Calle  Doctor Bellido con Puerto de la Morcuera  (Zona canina);31018137;;FUE_13_0106;ZV;MASCOTAS;BEBEDERO CANINO
530455;145;FONTARRON;14;MORATALAZ;OPERATIVO;444606,66;4472971,68;40,40551627;-3,65281598;AVENIDA;MORATALAZ;60;28030;JUNTO ÁREA CANINA;20152930;2022-06-10;FUE_14_0078;ZV;PERSONAS_Y_MASCOTAS;MIXTA ESTELA
530660;127;PRADOLONGO;12;USERA;OPERATIVO;439838,69;4469562,25;40,37447152;-3,70868103;PARQUE;PRADOLONGO;;28041;JUNTO FUENTE CIRCULAR PARQUE PRADOLONGO;31007157;2023-06-19;FUE_12_0024;ZV;PERSONAS_Y_MASCOTAS;MIXTA ESTELA
530661;127;PRADOLONGO;12;USERA;OPERATIVO;440458,38;4469989,17;40,37836195;-3,70142168;CALLE;DOCTOR TOLOSA LATOUR;3;28041;PARQUE DE PRADOLONGO;31051199;2023-07-05;FUE_12_0019;ZV;PERSONAS_Y_MASCOTAS;MIXTA ESTELA
530420;133;PALOMERAS BAJAS;13;PUENTE DE VALLECAS;OPERATIVO;444474,61;4469775,43;40,37671372;-3,65409346;CALLE;PUERTO DE BALBARAN;135;28018;Parque Novecento (Zona canina);20102235;;FUE_13_0117;ZV;MASCOTAS;BEBEDERO CANINO
530586;117;ABRANTES;11;CARABANCHEL;OPERATIVO;438279,05;4469748,92;40,3760391;-3,72706978;PARQUE;EMPERATRIZ MARIA DE AUSTRIA;18;28025;Junto área canina;31001252;;FUE_11_0064;ZV;PERSONAS_Y_MASCOTAS;MIXTA ESTELA
5842993;133;PALOMERAS BAJAS;13;PUENTE DE VALLECAS;OPERATIVO;443974,08;4470669,94;40,38473852;-3,66006801;CALLE;PUERTO DE COSTABONA;9;28018;EN PARQUE PAYASO FOFO FRENTE 9;20099405;2017-04-26;FUE_13_0163;ZV;PERSONAS_Y_MASCOTAS;MIXTA ESTELA
5849302;104;ALUCHE;10;LATINA;OPERATIVO;436182,76;4471950,12;40,39571056;-3,75198249;CALLE;DUQUESA DE PARCENT;16;28047;ÁREA CANINA, PARQUE CERRO ALMODOVAR;11063809;;FUE_10_0118;ZV;PERSONAS_Y_MASCOTAS;MIXTA NEPTUNO
6542299;144;MEDIA LEGUA;14;MORATALAZ;OPERATIVO;443990,08;4473215,38;40,40767041;-3,66010343;AVENIDA;MORATALAZ;21;28030;junto zona infantil;11101928;2020-03-11;FUE_14_0105;ZV;PERSONAS_Y_MASCOTAS;MIXTA NEPTUNO
7130547;211;ALAMEDA DE OSUNA;21;BARAJAS;OPERATIVO;449503,78;4478163,55;40,45259941;-3,59551845;CALLE;CATAMARAN;9;28042;Parque Biosaludable Metro El Capricho;20047353;2020-07-15;FUE_21_0065;ZV;PERSONAS_Y_MASCOTAS;MIXTA ESTELA
7131439;123;SAN FERMIN;12;USERA;OPERATIVO;441489,47;4468737,86;40,36716247;-3,68916106;CALLE;CORINDON;10;28041;JUNTO CASETA JARDINEROS;31005121;2020-08-07;FUE_12_0084;ZV;PERSONAS_Y_MASCOTAS;MIXTA ESTELA
7144389;131;ENTREVIAS;13;PUENTE DE VALLECAS;OPERATIVO;442885,88;4469585,43;40,37489473;-3,67279059;RONDA;SUR;6 D;28053;JUNTO ÁREA CANINA;31060375;2020-10-14;FUE_13_0170;ZV;PERSONAS_Y_MASCOTAS;MIXTA ESTELA
7180278;64;ALMENARA;6;TETUAN;OPERATIVO;441136,89;4479934,41;40,46800165;-3,69434977;CALLE;COSTA VERDE;3;28029;frente al Nº 3;31017668;2020-10-15;FUE_06_0096;ZV;PERSONAS_Y_MASCOTAS;MIXTA ESTELA
7412031;103;LUCERO;10;LATINA;OPERATIVO;436312,87;4472135,67;40,39739203;-3,75046804;CALLE;CUART DE POBLET;117;28047;DENTRO DEL PARQUE DE LA CUÑA VERDE DENTRO DE ÁREA CANINA;11063849;;FUE_10_0123;ZV;PERSONAS_Y_MASCOTAS;MIXTA NEPTUNO
5541618;51;EL VISO;5;CHAMARTIN;OPERATIVO;442386,49;4477150,59;40,44301133;-3,67935784;CALLE;FELIPE CAMPOS;6;28002;CV C/FRANCISCO CAMPOS, JUNTO PISTAS PETANCA;11021822;2020-02-17;FUE_05_0081;ZV;PERSONAS_Y_MASCOTAS;MIXTA TERRIER
5815155;201;SIMANCAS;20;SAN BLAS - CANILLEJAS;OPERATIVO;447991,56;4476180,03;40,43463744;-3,61318921;AVENIDA;ARCENTALES;29;28022;EN PARQUE INTERIOR AREA CANINA;20128779;;FUE_20_0125;ZV;PERSONAS_Y_MASCOTAS;MIXTA NEPTUNO
5843625;24;LEGAZPI;2;ARGANZUELA;OPERATIVO;441802,34;4471478,75;40,39187585;-3,68572651;AVENIDA;PLANETARIO;18;28045;ÁREA CANINA, PASEO DE LAS CATALPAS JUNTO A LA FARONA 594, JUNTO A ÁREA CANINA;20141825;;FUE_02_0064;ZV;PERSONAS_Y_MASCOTAS;MIXTA NEPTUNO
5844560;43;FUENTE DEL BERRO;4;SALAMANCA;NO OPERATIVO;443949,87;4475404,41;40,42738769;-3,66077019;CALLE;SANCHO DAVILA;17;28028;ÁREA CANINA, PARQUE SANCHO DAVILA;11016686;;FUE_04_0051;ZV;PERSONAS_Y_MASCOTAS;MIXTA NEPTUNO
5845865;93;CIUDAD UNIVERSITARIA;9;MONCLOA - ARAVACA;OPERATIVO;439416,091;4478137,69;40,45169239;-3,71447536;CALLE;RECTOR ROYO-VILLANOVA;10 C;28040;ÁREA CANINA, PARQUE JUAN XXIII;20107953;;FUE_09_0132;ZV;PERSONAS_Y_MASCOTAS;MIXTA NEPTUNO
5846927;85;LA PAZ;8;FUENCARRAL-EL PARDO;OPERATIVO;440656,303;4481911,185;40,485775;-3,70020336;CALLE;SANGENJO;29;28034;ÁREA CANINA, PARQUE DE LA SUPERMANZANA 7;11045863;;FUE_08_0173;ZV;PERSONAS_Y_MASCOTAS;MIXTA NEPTUNO
5847548;86;VALVERDE;8;FUENCARRAL-EL PARDO;OPERATIVO;443406,123;4483778,618;40,50278962;-3,66792685;PASEO;SAN MILLAN DE LA COGOLLA;14;28050;ÁREA CANINA, CALLE SAN MILLAN DE LA COGOLLA C/V CALLE VALCARLOS;31006119;;FUE_08_0172;ZV;PERSONAS_Y_MASCOTAS;MIXTA NEPTUNO
7127957;143;MARROQUINA;14;MORATALAZ;OPERATIVO;445296,24;4473357,23;40,40903513;-3,64472284;AVENIDA;MORATALAZ;183;28030;PARQUE DE MORATALAZ (PARQUE Z). JUNTO A ZONA CANINA;31003128;2020-07-09;FUE_14_0109;ZV;PERSONAS_Y_MASCOTAS;MIXTA ESTELA
7127984;146;VINATEROS;14;MORATALAZ;OPERATIVO;445969,66;4472548,78;40,4017961;-3,63671794;CALLE;HACIENDA DE PAVONES;209;28030;C/V CALLE FUENTE CARRANTONA;31044614;2020-07-09;FUE_14_0113;ZV;PERSONAS_Y_MASCOTAS;MIXTA ESTELA
7130464;193;VALDERRIVAS;19;VICALVARO;OPERATIVO;448820,84;4472242,16;40,39921399;-3,60309551;CALLE;MINERVA;32;28032;CV AV. DE LA AURORA BOREAL;31006237;2020-07-29;FUE_19_0144;VP;PERSONAS_Y_MASCOTAS;MIXTA ESTELA
7805896;193;VALDERRIVAS;19;VICALVARO;OPERATIVO;449343,28;4472549,08;40,40201088;-3,59696382;CALLE;SAN CIPRIANO;81;28032;frente estación cercanías;31036622;2021-03-05;FUE_19_0145;VP;PERSONAS_Y_MASCOTAS;MIXTA ESTELA
7869825;134;PALOMERAS SURESTE;13;PUENTE DE VALLECAS;OPERATIVO;445270,88;4470469,03;40,38301479;-3,64477347;AVENIDA;RAFAEL ALBERTI;51;28018;Campo de la Paloma zona canina;11096233;2021-05-14;FUE_13_0172;ZV;MASCOTAS;BEBEDERO TERRIER
7889388;183;ENSANCHE DE VALLECAS;18;VILLA DE VALLECAS;OPERATIVO;449856,26;4468351,14;40,36422384;-3,59058854;CALLE;PILAR DE MADARIAGA ROJO;13;28051;junto juegos infantiles;31029419;2021-06-04;FUE_18_0067;ZV;PERSONAS_Y_MASCOTAS;MIXTA ESTELA
7924260;191;CASCO H.VICALVARO;19;VICALVARO;OPERATIVO;449439,85;4472988,36;40,40597408;-3,59586074;PASEO;POLIDEPORTIVO;144;28032;cerca de area canina;20064808;2021-07-06;FUE_19_0146;ZV;PERSONAS_Y_MASCOTAS;MIXTA ESTELA
8800150;213;CASCO H.BARAJAS;21;BARAJAS;OPERATIVO;450803,24;4480598,55;40,47461332;-3,58038303;CALLE;TROPICO;19;28042;ZV CALLE ACUARIO - Junto área canina;20044044;2022-04-04;FUE_21_0072;ZV;MASCOTAS;BEBEDERO NEPTUNO
7143151;126;ZOFIO;12;USERA;OPERATIVO;439590,34;4470587,66;40,38369098;-3,7117035;AVENIDA;RAFAELA YBARRA;4;28026;PARQUE OLOF PALME. JUNTO ÁREA CANINA;20025114;2020-08-31;FUE_12_0080;ZV;PERSONAS_Y_MASCOTAS;MIXTA ESTELA
7608511;53;CIUDAD JARDIN;5;CHAMARTIN;OPERATIVO;442753,3;4477946,43;40,45020597;-3,67510457;CALLE;MARCENADO;51;28002;DENTRO DEL ÁRENA CANINA;31044661;;FUE_05_0084;ZV;PERSONAS_Y_MASCOTAS;MIXTA ESTELA
7870538;205;ROSAS;20;SAN BLAS - CANILLEJAS;OPERATIVO;449339,19;4475813,98;40,43142301;-3,59727205;AVENIDA;ARCENTALES;28;28022;JUNTO ÁREA CANINA.. ZONA 2 WANDA METROPOLITANO;31024129;2021-04-26;FUE_20_0130;ZV;PERSONAS_Y_MASCOTAS;MIXTA NEPTUNO
7870539;205;ROSAS;20;SAN BLAS - CANILLEJAS;OPERATIVO;449313,79;4475763,97;40,43097094;-3,5975675;AVENIDA;ARCENTALES;57;28022;ZONA 2 WANDA. PRÓXIMO A GTA. M-40;31042641;2021-04-26;FUE_20_0131;ZV;PERSONAS_Y_MASCOTAS;MIXTA NEPTUNO
8835112;183;ENSANCHE DE VALLECAS;18;VILLA DE VALLECAS;OPERATIVO;446598,04;4468935,75;40,36928809;-3,6290104;CALLE;PUERTO DE PORZUNA;45;28031;C/V AVDA. MAYORAZGO, JUNTO ÁREA CANINA;31051767;2022-05-05;FUE_18_0068;ZV;PERSONAS_Y_MASCOTAS;MIXTA ESTELA
8835115;183;ENSANCHE DE VALLECAS;18;VILLA DE VALLECAS;OPERATIVO;448244,97;4469558,29;40,37500025;-3,60966316;CALLE;VILLAMAYOR DE SANTIAGO;13;28051;PARQUE LOLA CAMARENA. JUNTO ÁREA CANINA;31028258;2022-05-05;FUE_18_0070;ZV;PERSONAS_Y_MASCOTAS;MIXTA ESTELA
8835118;183;ENSANCHE DE VALLECAS;18;VILLA DE VALLECAS;OPERATIVO;448756,2;4469369,03;40,37332685;-3,60362608;CALLE;PEÑARANDA DE BRACAMONTE;8 B;28051;CERCA DE COLEGIO, JUNTO ÁREA CANINA;31051528;2022-05-05;FUE_18_0071;ZV;PERSONAS_Y_MASCOTAS;MIXTA ESTELA
8835151;183;ENSANCHE DE VALLECAS;18;VILLA DE VALLECAS;OPERATIVO;449781,36;4468803,16;40,36829147;-3,59150626;CALLE;ALTO DEL RETIRO;6;28051;C/V C/ ANTONIO DE GADES. JUNTO ÁREA CANINA;31065803;2022-05-05;FUE_18_0073;ZV;PERSONAS_Y_MASCOTAS;MIXTA ESTELA
8888575;206;REJAS;20;SAN BLAS - CANILLEJAS;OPERATIVO;450077,9;4477118,11;40,44321612;-3,58866583;CALLE;DEYANIRA;8;28022;CERCA DE ZONA CANINA;31053840;2022-06-09;FUE_20_0135;ZV;PERSONAS_Y_MASCOTAS;MIXTA ESTELA
9031613;91;CASA DE CAMPO;9;MONCLOA-ARAVACA;OPERATIVO;436901,45;4473514,15;40,40985475;-3,74366962;PASEO;Paseo Puerta del Angel;1;28011;AREA CANINA VID Nº1;;;FUEP_09_16_0011;ZV;PERSONAS_Y_MASCOTAS;OTRO
9031614;91;CASA DE CAMPO;9;MONCLOA-ARAVACA;OPERATIVO;437007,5;4473546,34;40,41015276;-3,74242301;PASEO;Paseo Puerta del Angel;1;28011;AREA CANINA VID Nº2;;;FUEP_09_16_0012;ZV;PERSONAS_Y_MASCOTAS;OTRO
9031694;166;VALDEFUENTES;16;HORTALEZA;OPERATIVO;447090,91;4483149,04;40,49736124;-3,62438856;AVENIDA;Avenida de las Fuerzas Armadas;11;28055;EN LA ENTRADA 10 (GLORIETA DE ANTONIO BONET);;;FUEP_16_15_0007;ZV;PERSONAS_Y_MASCOTAS;OTRO
9031695;166;VALDEFUENTES;16;HORTALEZA;OPERATIVO;447060,01;4483023,06;40,49622438;-3,62474266;AVENIDA;Avenida de las Fuerzas Armadas;11;28055;ZONA CANINA CERCA DE LA BALSA;;;FUEP_16_15_0008;ZV;PERSONAS_Y_MASCOTAS;OTRO
9031717;166;VALDEFUENTES;16;HORTALEZA;OPERATIVO;446985,63;4481579,52;40,4832155;-3,62549962;AVENIDA;Avenida de las Fuerzas Armadas;11;28055;EN LA ENTRADA 1 (GLORIETA ISIDRO GONZALEZ VELAZQUEZ);;;FUEP_16_15_0029;ZV;PERSONAS_Y_MASCOTAS;OTRO
9031741;143;MARROQUINA;14;MORATALAZ;OPERATIVO;446446,41;4473902,63;40,41402321;-3,63121397;AVENIDA;Avenida del Doctor Garcia Tapia;125;28030;ZONA CANINA PROXIMA AL RECINTO FERIAL;;;FUEP_14_19_0009;ZV;MASCOTAS;OTRO
8834918;95;VALDEMARIN;9;MONCLOA-ARAVACA;OPERATIVO;434115,99;4480215,43;40,470006;-3,77719071;AVENIDA;VALDEMARIN;67;28023;JUNTO ÁREA CANINA;20166322;2022-05-05;FUE_09_0136;ZV;PERSONAS_Y_MASCOTAS;MIXTA ESTELA
8835114;183;ENSANCHE DE VALLECAS;18;VILLA DE VALLECAS;OPERATIVO;446944,621;4468698,957;40,36717702;-3,62490862;CALLE;CINCOVILLAS;5;28051;C/V AVDA. MAYORAZGO, JUNTO ÁREA CANINA;31028057;2022-05-05;FUE_18_0069;ZV;PERSONAS_Y_MASCOTAS;MIXTA ESTELA
8835122;183;ENSANCHE DE VALLECAS;18;VILLA DE VALLECAS;OPERATIVO;448448,5;4468290,07;40,36358783;-3,60716321;AVENIDA;CERRO MILANO;27;28051;JUNTO ÁREA CANINA;31064538;;FUE_18_0072;ZV;PERSONAS_Y_MASCOTAS;MIXTA ESTELA
8835185;183;ENSANCHE DE VALLECAS;18;VILLA DE VALLECAS;OPERATIVO;446521,35;4469652,91;40,37574383;-3,62997383;CALLE;CABEZA MESADA;7;28031;PARQUE VALDEPERDICES, JUNTO ÁREA CANINA;31043451;2022-05-05;FUE_18_0074;ZV;PERSONAS_Y_MASCOTAS;MIXTA ESTELA
8921514;131;ENTREVIAS;13;PUENTE DE VALLECAS;OPERATIVO;443918,82;4468898,78;40,3687791;-3,66056317;CALLE;ESTEBAN CARROS;80;28053;Parque Garrigues Walker, JUNTO ZONA CANINA;20170141;2022-06-11;FUE_13_0174;ZV;MASCOTAS;BEBEDERO NEPTUNO
9031690;166;VALDEFUENTES;16;HORTALEZA;OPERATIVO;446116,52;4483153,27;40,49733665;-3,63588718;AVENIDA;Avenida de las Fuerzas Armadas;11;28055;JUNTO A LA ENTRADA DE LA PLAZA NORTE;;;FUEP_16_15_0003;ZV;PERSONAS_Y_MASCOTAS;OTRO
9031701;166;VALDEFUENTES;16;HORTALEZA;OPERATIVO;445693,14;4482319,59;40,48979887;-3,6408118;AVENIDA;Avenida de las Fuerzas Armadas;11;28055;JUNTO A LA ENTRADA DE LA PLAZA OESTE;;;FUEP_16_15_0014;ZV;PERSONAS_Y_MASCOTAS;OTRO
9031702;166;VALDEFUENTES;16;HORTALEZA;OPERATIVO;445857,7;4482296,13;40,48959828;-3,63886814;AVENIDA;Avenida de las Fuerzas Armadas;11;28055;ZONA CANINA CERCA DE LA PLAZA OESTE;;;FUEP_16_15_0015;ZV;PERSONAS_Y_MASCOTAS;OTRO
9031747;142;HORCAJO;14;MORATALAZ;OPERATIVO;446759,85;4473570,31;40,41104958;-3,62749198;AVENIDA;Avenida del Doctor Garcia Tapia;125;28030;ZONA CANINA FUENTE CARRANTONA;;;FUEP_14_19_0015;ZV;PERSONAS_Y_MASCOTAS;OTRO
9031934;162;PIOVERA;16;HORTALEZA;OPERATIVO;446717,55;4478421,92;40,45475301;-3,62839723;AVENIDA;MACHUPICHU;1;28043;PARQUE JUAN PABLO II. Entrada Papa Negro;;;FUEP_16_11_0007;ZV;PERSONAS_Y_MASCOTAS;MIXTA ESTELA
9031935;162;PIOVERA;16;HORTALEZA;OPERATIVO;447384,49;4478698,14;40,45728385;-3,62055488;AVENIDA;MACHUPICHU;1;28043;PARQUE JUAN PABLO II. Área canina;;;FUEP_16_11_0008;ZV;MASCOTAS;BEBEDERO CANINO
9049038;136;NUMANCIA;13;PUENTE DE VALLECAS;OPERATIVO;444369,17;4471454,05;40,39182873;-3,65548204;CALLE;CANTALAPIEDRA;2;28038;CV AVD LA ALBUFERA;11098510;;FUE_13_0178;VP;PERSONAS_Y_MASCOTAS;MIXTA NEPTUNO
9049057;133;PALOMERAS BAJAS;13;PUENTE DE VALLECAS;OPERATIVO;444169,09;4471003,31;40,38775481;-3,65779987;CALLE;MARIA TERESA ROBLEDO;3;28018;JUNTO AREA INFANTIL, FRENTE MURAL EL PODER DE LOS ANIMALES;31037826;2022-11-03;FUE_13_0176;VP;PERSONAS_Y_MASCOTAS;MIXTA NEPTUNO
9049060;133;PALOMERAS BAJAS;13;PUENTE DE VALLECAS;OPERATIVO;444047,2;4470784,43;40,38577483;-3,65921666;CALLE;PUERTO DE COSTABONA;5;28018;JUNTO AREA INFANTIL;20099401;;FUE_13_0175;ZV;PERSONAS_Y_MASCOTAS;MIXTA NEPTUNO
9049061;133;PALOMERAS BAJAS;13;PUENTE DE VALLECAS;OPERATIVO;444148,48;4471010,36;40,38781693;-3,6580433;CALLE;MARIA TERESA ROBLEDO;3;28018;;31037826;2022-11-03;FUE_13_0177;ZV;MASCOTAS;BEBEDERO NEPTUNO
9032108;215;CORRALEJOS;21;BARAJAS;OPERATIVO;448444,29;4479328,04;40,46302477;-3,60810728;PARQUE;S.A.R. DON JUAN DE BORBÓN Y BATTEMBERG;5;28042;PARQUE JUAN CARLOS I. Área canina;;;FUEP_21_12_0004;ZV;MASCOTAS;BEBEDERO CANINO
9127172;113;SAN ISIDRO;11;CARABANCHEL;OPERATIVO;438094,85;4472184,91;40,39796997;-3,7294762;PASEO;ERMITA DEL SANTO;76;28019;ZONA CANINA, PRÓXIMO A ESTANQUE CENTRAL;20047749;2022-12-19;FUE_11_0144;ZV;MASCOTAS;BEBEDERO NEPTUNO
9179667;174;LOS ROSALES;17;VILLAVERDE;OPERATIVO;441630,33;4466670,84;40,3485514;-3,68731295;CALLE;EDUARDO MINGUITO;55;28021;PARQUE JUNTO A CENTRO DE MAYORES;11127641;2023-02-22;FUE_17_0138;ZV;PERSONAS_Y_MASCOTAS;MIXTA ESTELA
9199241;171;VILLAVERDE ALTO - CASCO HISTORICO DE VILLAVERDE;17;VILLAVERDE;OPERATIVO;440401,06;4465009,19;40,33349535;-3,7016317;CALLE;SAN EUSTAQUIO;26;28021;C/V C/ LAGUNA DEL MARQUESADO. EN ÁREA CANINA;31022973;2023-03-27;FUE_17_0139;ZV;PERSONAS_Y_MASCOTAS;MIXTA ESTELA
9272894;154;LA CONCEPCIÓN;15;CIUDAD LINEAL;OPERATIVO;444467,88;4476220,43;40,43477358;-3,65473509;CALLE;VIRGEN DE LLUC;1;28027;PARQUE CALERO, JUNTO ÁREA CANINA;31050701;2023-06-20;FUE_15_0138;ZV;PERSONAS_Y_MASCOTAS;MIXTA NEPTUNO
9185054;107;AGUILAS;10;LATINA;OPERATIVO;434907,42;4471157,31;40,38846992;-3,76692801;CALLE;ONIL;12;28044;FRENTE ENTRADA ÁREA INFANTIL;20098477;2023-03-13;FUE_10_0130;ZV;PERSONAS_Y_MASCOTAS;MIXTA ESTELA
9191525;166;VALDEFUENTES;16;HORTALEZA;OPERATIVO;444600,3;4483800,91;40,50307104;-3,65383588;CALLE;VICENTE BLASCO IBAÑEZ;81;28050;PARQUE DE VICENTE BLASCO IBAÑEZ;31025091;2023-03-13;FUE_16_0177;ZV;PERSONAS_Y_MASCOTAS;MIXTA TERRIER
9198730;183;ENSANCHE DE VALLECAS;18;VILLA DE VALLECAS;OPERATIVO;448219,55;4468957,18;40,36958344;-3,60991376;CALLE;CORRAL DE ALMAGUER;29;28051;EN PASEO CENTRAL JUNTO BANCOS;31027595;2023-03-24;FUE_18_0081;ZV;PERSONAS_Y_MASCOTAS;MIXTA ESTELA
9212801;172;SAN CRISTOBAL;17;VILLAVERDE;OPERATIVO;441871,99;4465752,96;40,34029944;-3,68438398;CALLE;PATERNA;45D;28021;JUNTO PASARELA PEATONAL;31033566;2023-04-14;FUE_17_0140;ZV;PERSONAS_Y_MASCOTAS;MIXTA ESTELA
9278148;123;SAN FERMIN;12;USERA;OPERATIVO;441786,72;4468749,32;40,36728652;-3,68566121;CAMINO;PERALES;156;28041;EN ZONA DE MERCADILLO DE SAN FERMIN;20141736;2023-07-04;FUE_12_0086;ZV;PERSONAS_Y_MASCOTAS;MIXTA ESTELA
9278180;171;VILLAVERDE ALTO - CASCO HISTORICO DE VILLAVERDE;17;VILLAVERDE;OPERATIVO;439139,35;4466390,02;40,34584361;-3,71661576;PASEO;FERROVIARIOS;45;28021;FRENTE AL Nº 45, EN PARQUE PLATA Y CASTAÑAR PROXIMO A FAROLA 20;11124622;2023-07-04;FUE_17_0142;ZV;PERSONAS_Y_MASCOTAS;MIXTA ESTELA
9285545;182;SANTA EUGENIA;18;VILLA DE VALLECAS;OPERATIVO;447690,025;4470245,615;40,3811575;-3,61625635;CALLE;SIERRA GORDA;31;28031;CV AGUSTIN GARCIA MALLA 2;31054960;2023-07-14;FUE_18_0082;VP;PERSONAS_Y_MASCOTAS;MIXTA ESTELA
9290189;204;ARCOS;20;SAN BLAS - CANILLEJAS;OPERATIVO;447256,69;4474628,61;40,42061503;-3,62172427;CALLE;ARCOS DE JALON;20;28037;CV CALLE SAN ROMAN DEL VALLE 8;31024171;2023-07-28;FUE_20_0136;VP;PERSONAS_Y_MASCOTAS;MIXTA ESTELA
9291966;174;LOS ROSALES;17;VILLAVERDE;OPERATIVO;441371,71;4467424,49;40,35532259;-3,69042728;CALLE;VILLAJOYOSA;75;28041;JUNTO ÁREA INFANTIL;11126805;2023-08-11;FUE_17_0144;VP;PERSONAS_Y_MASCOTAS;MIXTA ESTELA
9295074;116;BUENAVISTA;11;CARABANCHEL;OPERATIVO;435858,11;4469613,98;40,3746407;-3,75557245;CAMINO;CRUCES;6;28044;MERCADILLO DE LAS CRUCES;20078473;2023-08-04;FUE_11_0147;VP;PERSONAS_Y_MASCOTAS;MIXTA ESTELA
9284711;127;PRADOLONGO;12;USERA;OPERATIVO;439567,43;4469931,68;40,37777992;-3,71191118;AVENIDA;RAFAELA YBARRA;75;28026;FRENTE C/ PARQUE DE LA PALOMA Y FAROLA 134, JUNTO WC PÚBLICO;11085784;2023-07-10;FUE_12_0087;ZV;PERSONAS_Y_MASCOTAS;MIXTA ESTELA
9289989;122;ORCASUR;12;USERA;OPERATIVO;440591,23;4469156,17;40,37086731;-3,69977914;AVENIDA;POBLADOS;154;28041;CV AVD ORCASUR 74;31007189;2023-07-28;FUE_12_0088;VP;PERSONAS_Y_MASCOTAS;MIXTA ESTELA
9291850;84;PILAR;8;FUENCARRAL - EL PARDO;OPERATIVO;439309,39;4481014,47;40,47759971;-3,71600875;AVENIDA;MONFORTE DE LEMOS;180;28035;ZONA CANINA;20095370;2023-08-04;FUE_08_0190;ZV;PERSONAS_Y_MASCOTAS;MIXTA ESTELA
9295075;134;PALOMERAS SURESTE;13;PUENTE DE VALLECAS;OPERATIVO;445324,938;4470361,079;40,38204584;-3,64412738;CALLE;ARAGONESES;4;28018;C/V C/ ANGELILLO;31017835;2023-08-04;FUE_13_0180;VP;PERSONAS_Y_MASCOTAS;MIXTA ESTELA
9310078;205;ROSAS;20;SAN BLAS - CANILLEJAS;OPERATIVO;449069,215;4474903,348;40,42320297;-3,60038184;CALLE;SOFIA;12;28022;FRENTE Pº GINEBRA, PRÓXIMO A FAROLA 57;31065177;2023-07-27;FUE_20_0138;ZV;PERSONAS_Y_MASCOTAS;MIXTA NEPTUNO
9295144;136;NUMANCIA;13;PUENTE DE VALLECAS;OPERATIVO;444852,17;4472330,34;40,399755;-3,64986723;CALLE;RAMON PEREZ DE AYALA;15;28038;MERCADILLO DE FONTARRON;31024347;2023-08-18;FUE_13_0181;VP;PERSONAS_Y_MASCOTAS;MIXTA ESTELA
9296045;107;AGUILAS;10;LATINA;OPERATIVO;435260,33;4470752,41;40,38484992;-3,76272919;AVENIDA;LAS AGUILAS;1 B;28044;MERCADILLO DE LATINA, JUNTO FAROLA 21;31054966;2023-08-22;FUE_10_0135;VP;PERSONAS_Y_MASCOTAS;MIXTA ESTELA
9310059;11;PALACIO;1;CENTRO;OPERATIVO;439221,559;4473935,229;40,41382065;-3,71636747;CALLE;SEGOVIA;39;28005;DENTRO DEL ÁREA CANINA;31033462;2023-09-19;FUE_01_0117;ZV;PERSONAS_Y_MASCOTAS;MIXTA ESTELA
9310077;205;ROSAS;20;SAN BLAS - CANILLEJAS;OPERATIVO;449092,579;4475677,318;40,43017681;-3,6001684;CALLE;ESTOCOLMO;26 K;28022;C/V C/ MANCHESTER, JUNTO AVC;20128514;2023-07-27;FUE_20_0137;ZV;PERSONAS_Y_MASCOTAS;MIXTA NEPTUNO
